address,city,zip,price,beds,baths,sqft,year_built,lot_size,property_type,hoa_month,days_on_market,tract_geoid,county_name,dist_to_addison_mi,dist_to_lewisville_mi,latitude,longitude,redfin_url
503 N Peak St,Dallas,75246,899900,4,3.5,3803,2022,7797,Single Family Residential,,91,48113001502,Dallas,12.03,21.23,32.792738,-96.7726796,https://www.redfin.com/TX/Dallas/503-N-Peak-St-75246/home/30793584
407 Josephine St,Dallas,75246,360000,2,2.5,1569,1985,2657,Townhouse,40,1,48113001502,Dallas,12.11,21.3,32.7914744,-96.7727695,https://www.redfin.com/TX/Dallas/407-Josephine-St-75246/home/31122522
4502 Gaston Ave #319,Dallas,75246,119990,1,1.0,567,1984,,Condo/Co-op,288,1,48113001502,Dallas,11.75,20.99,32.7967288,-96.7731685,https://www.redfin.com/TX/Dallas/4502-Gaston-Ave-75246/unit-319/home/31170962
4502 Gaston Ave #111,Dallas,75246,65000,1,1.0,550,1984,50617,Condo/Co-op,240,2,48113001502,Dallas,11.75,20.99,32.7967288,-96.7731685,https://www.redfin.com/TX/Dallas/4502-Gaston-Ave-75246/unit-111/home/31170885
543 Josephine St,Dallas,75246,349500,2,2.5,1569,1985,2831,Townhouse,40,5,48113001502,Dallas,12.04,21.22,32.7923206,-96.7737485,https://www.redfin.com/TX/Dallas/543-Josephine-St-75246/home/31122440
4216 E Side Ave,Dallas,75226,629000,,,1960,1924,8233,Multi-Family (5+ Unit),,8,48113001502,Dallas,12.36,21.6,32.78871,-96.768476,https://www.redfin.com/TX/Dallas/4216-E-Side-Ave-75226/home/30794290
162 S Cisco St,Dallas,75246,475000,3,3.0,1836,2021,1481,Single Family Residential,,8,48113001502,Dallas,12.16,21.5,32.7928438,-96.7646482,https://www.redfin.com/TX/Dallas/162-S-Cisco-St-75246/home/147235825
167 S Prairie Ave,Dallas,75226,550000,3,3.0,2160,2024,1350,Single Family Residential,,21,48113001502,Dallas,12.13,21.5,32.7933978,-96.7638557,https://www.redfin.com/TX/Dallas/167-S-Prairie-Ave-75226/home/182755588
183 S Prairie Ave,Dallas,75226,575000,3,3.0,2160,2022,2004,Single Family Residential,,22,48113001502,Dallas,12.14,21.51,32.7933461,-96.7638185,https://www.redfin.com/TX/Dallas/183-S-Prairie-Ave-75226/home/179144237
4205 E Side Ave,Dallas,75226,500000,3,1.0,1462,1910,4617,Single Family Residential,,23,48113001502,Dallas,12.34,21.56,32.788921,-96.769156,https://www.redfin.com/TX/Dallas/4205-E-Side-Ave-75226/home/30794261
4210 Main St,Dallas,75226,299999,0,1.0,1202,1952,10498,Condo/Co-op,,58,48113001502,Dallas,12.31,21.53,32.7893243,-96.7694404,https://www.redfin.com/TX/Dallas/4210-Main-St-75226/home/35539917
4706 Victor St,Dallas,75246,1115000,7,5.5,4468,2023,7667,Single Family Residential,,63,48113001502,Dallas,11.94,21.26,32.795194,-96.7679102,https://www.redfin.com/TX/Dallas/4706-Victor-St-75246/home/30793781
4505-07 Worth St,Dallas,75246,750000,1,1.0,3220,1912,7362,Multi-Family (2-4 Unit),,63,48113001502,Dallas,11.86,21.11,32.795537,-96.7716334,https://www.redfin.com/TX/Dallas/4505-Worth-St-75246/home/201209041
4618 Columbia Ave Unit 2a,Dallas,75226,549000,3,2.5,2115,2025,15987,Condo/Co-op,50,111,48113001502,Dallas,12.12,21.45,32.7930311,-96.7658428,https://www.redfin.com/TX/Dallas/4618-Columbia-Ave-75226/unit-2a/home/199993209
4618 Columbia Ave Unit Bulding 2,Dallas,75226,1098000,6,5.0,4230,2025,15987,Multi-Family (2-4 Unit),50,111,48113001502,Dallas,12.12,21.45,32.7930311,-96.7658428,https://www.redfin.com/TX/Dallas/4618-Columbia-Ave-75226/unit-Bulding-2/home/199992859
531 Josephine St,Dallas,75246,369000,2,2.5,1603,1985,2875,Single Family Residential,40,176,48113001502,Dallas,12.05,21.23,32.7920982,-96.7737258,https://www.redfin.com/TX/Dallas/531-Josephine-St-75246/home/31122446
801 N Carroll Ave,Dallas,75246,125000,,,,,5000,Vacant Land,,224,48113001502,Dallas,11.79,21.02,32.796086,-96.7732884,https://www.redfin.com/TX/Dallas/801-N-Carroll-Ave-75246/home/30793956
713 N Carroll Ave,Dallas,75246,550000,3,5.0,4221,1903,5000,Single Family Residential,,224,48113001502,Dallas,11.8,21.03,32.796046,-96.7731266,https://www.redfin.com/TX/Dallas/713-N-Carroll-Ave-75246/home/30793973
4411 Junius St,Dallas,75246,350000,,,,,13875,Vacant Land,,224,48113001502,Dallas,11.82,21.05,32.7957391,-96.7731245,https://www.redfin.com/TX/Dallas/4411-Junius-St-75246/home/174286856
4419 Junius St,Dallas,75246,250000,,,,,9825,Vacant Land,,224,48113001502,Dallas,11.81,21.05,32.7958787,-96.7729073,https://www.redfin.com/TX/Dallas/4419-Junius-St-75246/home/174286855
4701 Reiger Ave,Dallas,75246,350000,,,,,11900,Vacant Land,,275,48113001502,Dallas,12.0,21.32,32.7946632,-96.7669454,https://www.redfin.com/TX/Dallas/4701-Reiger-Ave-75246/home/30793602
4629 Reiger Ave,Dallas,75246,350000,,,,,11900,Vacant Land,,275,48113001502,Dallas,12.0,21.33,32.7945652,-96.7670612,https://www.redfin.com/TX/Dallas/4629-Reiger-Ave-75246/home/30793600
4222 Frank St,Dallas,75210,290000,4,3.0,1534,2023,5793,Single Family Residential,,3,48113002703,Dallas,13.75,23.18,32.7735214,-96.7472198,https://www.redfin.com/TX/Dallas/4222-Frank-St-75210/home/30805395
4206 Robert L Parish Sr Ave,Dallas,75210,259900,4,2.0,1300,1947,5881,Single Family Residential,,7,48113002703,Dallas,14.15,23.61,32.7688784,-96.7423514,https://www.redfin.com/TX/Dallas/4206-Robert-L-Parish-SR-Ave-75210/home/30846511
4607 Metropolitan Ave,Dallas,75210,272800,3,2.0,1415,2026,5663,Single Family Residential,,7,48113002703,Dallas,13.43,22.94,32.7788948,-96.7457471,https://www.redfin.com/TX/Dallas/4607-Metropolitan-Ave-75210/home/30815581
3711 Carpenter Ave,Dallas,75210,114500,,,,,11544,Vacant Land,,8,48113002703,Dallas,14.18,23.56,32.7670973,-96.746391,https://www.redfin.com/TX/Dallas/3711-Carpenter-Ave-75210/home/30811296
3608 Metropolitan Ave,Dallas,75210,329000,4,2.5,1432,1936,6098,Single Family Residential,,21,48113002703,Dallas,13.78,23.09,32.7710664,-96.753757,https://www.redfin.com/TX/Dallas/3608-Metropolitan-Ave-75210/home/30804571
4310 Copeland St,Dallas,75210,310000,3,2.5,1600,2026,4095,Single Family Residential,,22,48113002703,Dallas,13.97,23.43,32.7714572,-96.7432968,https://www.redfin.com/TX/Dallas/4310-Copeland-St-75210/home/30805649
2646 Sutton St,Dallas,75210,249900,3,2.5,1604,2025,4008,Single Family Residential,,23,48113002703,Dallas,13.94,23.32,32.7702553,-96.7484826,https://www.redfin.com/TX/Dallas/2646-Sutton-St-75210/home/30805156
4302 Copeland St,Dallas,75210,238500,3,2.0,1350,2024,3899,Single Family Residential,,24,48113002703,Dallas,13.97,23.44,32.771255,-96.7435214,https://www.redfin.com/TX/Dallas/4302-Copeland-St-75210/home/30805647
3524 Hamilton Ave,Dallas,75210,285000,4,2.0,1847,2025,4008,Single Family Residential,,28,48113002703,Dallas,13.75,23.04,32.7712298,-96.7548232,https://www.redfin.com/TX/Dallas/3524-Hamilton-Ave-75210/home/30802011
4314 Hamilton Ave,Dallas,75210,110000,,,,,6360,Vacant Land,,30,48113002703,Dallas,13.52,22.95,32.7766193,-96.7488869,https://www.redfin.com/TX/Dallas/4314-Hamilton-Ave-75210/home/30804903
4503 Frank St,Dallas,75210,168020,3,2.0,1459,2023,4477,Single Family Residential,,30,48113002703,Dallas,13.6,23.1,32.7766168,-96.7446948,https://www.redfin.com/TX/Dallas/4503-Frank-St-75210/home/30815872
4215 Carpenter Ave,Dallas,75210,349000,3,2.5,1681,2026,6447,Single Family Residential,,38,48113002703,Dallas,14.05,23.51,32.770128,-96.7431896,https://www.redfin.com/TX/Dallas/4215-Carpenter-Ave-75210/home/30815498
3814 Pine St,Dallas,75210,210000,3,1.0,1120,1950,5358,Single Family Residential,,40,48113002703,Dallas,14.05,23.44,32.7690538,-96.7469389,https://www.redfin.com/TX/Dallas/3814-Pine-St-75210/home/30805050
2800 Carter St,Dallas,75210,324999,3,2.0,1430,2026,6621,Single Family Residential,,42,48113002703,Dallas,13.69,23.21,32.7760907,-96.7424002,https://www.redfin.com/TX/Dallas/2800-Carter-St-75210/home/30738907
2725 1st Ave,Dallas,75210,259000,3,2.5,1800,2025,5576,Single Family Residential,,44,48113002703,Dallas,14.08,23.4,32.7673388,-96.7508306,https://www.redfin.com/TX/Dallas/2725-1st-Ave-75210/home/30804708
3526 Spring Ave,Dallas,75210,354999,3,2.5,1750,2026,5924,Single Family Residential,,45,48113002703,Dallas,14.09,23.41,32.7674725,-96.7501825,https://www.redfin.com/TX/Dallas/3526-Spring-Ave-75210/home/200893147
3524 Spring Ave,Dallas,75210,354999,3,2.5,1750,2026,5924,Single Family Residential,,45,48113002703,Dallas,14.09,23.42,32.7673316,-96.7502616,https://www.redfin.com/TX/Dallas/3524-Spring-Ave-75210/home/30804784
4415 Jamaica St,Dallas,75210,295000,3,2.0,1630,2020,5227,Single Family Residential,,56,48113002703,Dallas,13.58,23.06,32.7766369,-96.7458967,https://www.redfin.com/TX/Dallas/4415-Jamaica-St-75210/home/30815882
4006 Metropolitan Ave,Dallas,75210,334999,4,2.5,1589,2024,6011,Single Family Residential,,58,48113002703,Dallas,13.66,23.04,32.7738495,-96.7506764,https://www.redfin.com/TX/Dallas/4006-Metropolitan-Ave-75210/home/30805228
4306 Jamaica St,Dallas,75210,249000,3,3.0,1568,1936,5924,Single Family Residential,,74,48113002703,Dallas,13.67,23.11,32.7747418,-96.7472011,https://www.redfin.com/TX/Dallas/4306-Jamaica-St-75210/home/30805412
4026 Canal St,Dallas,75210,69900,,,,1954,4966,Vacant Land,,75,48113002703,Dallas,13.86,23.27,32.771816,-96.747297,https://www.redfin.com/TX/Dallas/4026-Canal-St-75210/home/30805179
4515 Canal St,Dallas,75210,78000,,,,,6011,Vacant Land,,79,48113002703,Dallas,13.64,23.15,32.7763641,-96.7437139,https://www.redfin.com/TX/Dallas/4515-Canal-St-75210/home/30815382
4209 Metropolitan Ave,Dallas,75210,234900,2,2.0,1208,2022,6795,Single Family Residential,,84,48113002703,Dallas,13.59,23.0,32.7752559,-96.7497694,https://www.redfin.com/TX/Dallas/4209-Metropolitan-Ave-75210/home/30804552
3515 Jamaica St,Dallas,75210,44900,,,,,6968,Vacant Land,,101,48113002703,Dallas,13.88,23.18,32.7695892,-96.7535215,https://www.redfin.com/TX/Dallas/3515-Jamaica-St-75210/home/30804628
3535 Spring Ave,Dallas,75210,269900,3,3.0,1692,2025,4008,Single Family Residential,,104,48113002703,Dallas,14.06,23.39,32.7678198,-96.7503888,https://www.redfin.com/TX/Dallas/3535-Spring-Ave-75210/home/30804712
4523 Metropolitan Ave,Dallas,75210,272800,3,2.0,1415,2025,5968,Single Family Residential,,104,48113002703,Dallas,13.44,22.94,32.7787195,-96.7459207,https://www.redfin.com/TX/Dallas/4523-Metropolitan-Ave-75210/home/30815580
3512 Hamilton Ave,Dallas,75210,259000,3,2.0,1220,2021,6316,Single Family Residential,,112,48113002703,Dallas,13.77,23.05,32.7709502,-96.7551668,https://www.redfin.com/TX/Dallas/3512-Hamilton-Ave-75210/home/30802002
4723 Collins Ave,Dallas,75210,350000,,,,,43587,Vacant Land,,113,48113002703,Dallas,13.61,23.15,32.7774977,-96.741933,https://www.redfin.com/TX/Dallas/4723-Collins-Ave-75210/home/30815891
4719 Collins Ave,Dallas,75210,350000,,,,,43587,Vacant Land,,113,48113002703,Dallas,13.62,23.16,32.777238,-96.7422053,https://www.redfin.com/TX/Dallas/4719-Collins-Ave-75210/home/30815892
4638 Collins Ave Collins Ave,Dallas,75210,350000,,,,,43659,Vacant Land,,113,48113002703,Dallas,13.65,23.21,32.777176,-96.740691,https://www.redfin.com/TX/Dallas/4638-Collins-Ave-75210/home/30816014
4302 Metropolitan Ave,Dallas,75210,145000,,,,1925,12676,Vacant Land,,136,48113002703,Dallas,13.58,23.01,32.7758088,-96.7485356,https://www.redfin.com/TX/Dallas/4302-Metropolitan-Ave-75210/home/30805357
2719 Cross St,Dallas,75210,58000,,,,,2788,Vacant Land,,145,48113002703,Dallas,14.0,23.35,32.7688806,-96.7497294,https://www.redfin.com/TX/Dallas/2719-Cross-St-75210/home/30804750
4525 Canal St,Dallas,75210,145000,2,2.0,960,1938,4792,Multi-Family (2-4 Unit),,173,48113002703,Dallas,13.63,23.15,32.7765347,-96.7435005,https://www.redfin.com/TX/Dallas/4525-Canal-St-75210/home/30815377
4121 Hamilton Ave,Dallas,75210,144000,,,,,7920,Vacant Land,,174,48113002703,Dallas,13.56,22.95,32.7753305,-96.7509257,https://www.redfin.com/TX/Dallas/4121-Hamilton-Ave-75210/home/198948254
3702 Frank St,Dallas,75210,165000,2,1.0,816,1955,6229,Single Family Residential,,174,48113002703,Dallas,13.89,23.23,32.7702386,-96.7509135,https://www.redfin.com/TX/Dallas/3702-Frank-St-75210/home/30804700
3520 Carl St,Dallas,75210,94950,,,,,6939,Vacant Land,,223,48113002703,Dallas,13.71,22.99,32.7716527,-96.7556459,https://www.redfin.com/TX/Dallas/3520-Carl-St-75210/home/30799459
2006 Jb Jackson Jr Blvd Unit J,Dallas,75210,159000,,,,,6665,Vacant Land,,289,48113002703,Dallas,13.76,22.99,32.7702466,-96.7578697,https://www.redfin.com/TX/Dallas/2006-Jb-Jackson-Jr-Blvd-75210/unit-J/home/30799333
2722 Hector St,Dallas,75210,200000,3,2.0,1014,1939,3311,Single Family Residential,,341,48113002703,Dallas,14.02,23.36,32.7685686,-96.7497828,https://www.redfin.com/TX/Dallas/2722-Hector-St-75210/home/30804738
4103 Jamaica St,Dallas,75210,119999,1,1.0,576,1920,5749,Single Family Residential,,438,48113002703,Dallas,13.72,23.12,32.773365,-96.7492799,https://www.redfin.com/TX/Dallas/4103-Jamaica-St-75210/home/30805285
2248 Cooper St,Dallas,75215,210000,4,2.5,1600,1909,5837,Single Family Residential,,37,48113003700,Dallas,14.25,23.21,32.7604579,-96.7681723,https://www.redfin.com/TX/Dallas/2248-Cooper-St-75215/home/30802777
2807 Tanner St,Dallas,75215,264000,3,2.0,1782,1925,5489,Single Family Residential,,14,48113003700,Dallas,13.95,23.03,32.7658255,-96.7641206,https://www.redfin.com/TX/Dallas/2807-Tanner-St-75215/home/30808092
2646 Tanner St,Dallas,75215,319000,4,2.0,1563,2022,4800,Single Family Residential,,20,48113003700,Dallas,14.04,23.1,32.7642451,-96.7649345,https://www.redfin.com/TX/Dallas/2646-Tanner-St-75215/home/30802417
2403 Dathe St,Dallas,75215,380000,3,2.5,1904,2021,4704,Single Family Residential,,27,48113003700,Dallas,14.24,23.23,32.7607664,-96.7670824,https://www.redfin.com/TX/Dallas/2403-Dathe-St-75215/home/30802743
3402 Spring Ave,Dallas,75215,329999,3,2.0,1672,2026,7500,Single Family Residential,,29,48113003700,Dallas,14.17,23.46,32.7658166,-96.7515529,https://www.redfin.com/TX/Dallas/3402-Spring-Ave-75215/home/30804443
3514 Dunbar St,Dallas,75215,344500,3,2.0,1646,2026,5489,Single Family Residential,,34,48113003700,Dallas,13.86,23.02,32.7680399,-96.7608139,https://www.redfin.com/TX/Dallas/3514-Dunbar-St-75215/home/30808006
3925 Malcolm X Blvd,Dallas,75215,199000,3,2.0,1024,1938,6795,Single Family Residential,,44,48113003700,Dallas,14.36,23.48,32.760896,-96.7590698,https://www.redfin.com/TX/Dallas/3925-Malcolm-X-Blvd-75215/home/30802680
3332 Rutledge St,Dallas,75215,180000,2,2.0,1450,1974,4617,Multi-Family (2-4 Unit),,44,48113003700,Dallas,14.12,23.4,32.7663392,-96.7524296,https://www.redfin.com/TX/Dallas/3332-Rutledge-St-75215/home/184366801
2801 Twyman Ave,Dallas,75215,289000,3,3.0,1359,2026,5489,Single Family Residential,,44,48113003700,Dallas,13.92,23.0,32.7661522,-96.7647044,https://www.redfin.com/TX/Dallas/2801-Twyman-Ave-75215/home/30808108
3142 Harmon St,Dallas,75215,371500,3,3.5,2579,2025,3223,Single Family Residential,,55,48113003700,Dallas,13.97,23.19,32.767458,-96.7566247,https://www.redfin.com/TX/Dallas/3142-Harmon-St-75215/home/30804337
3506 Dunbar St,Dallas,75215,300000,4,2.0,1728,1925,5500,Single Family Residential,,64,48113003700,Dallas,13.83,22.99,32.7683149,-96.7611797,https://www.redfin.com/TX/Dallas/3506-Dunbar-St-75215/home/30808032
2415 Dathe St,Dallas,75215,209500,3,2.0,1100,1935,5314,Single Family Residential,,65,48113003700,Dallas,14.24,23.23,32.7609131,-96.7667648,https://www.redfin.com/TX/Dallas/2415-Dathe-St-75215/home/30802731
3614 Latimer St,Dallas,75215,368500,4,2.5,1977,2026,6273,Single Family Residential,,70,48113003700,Dallas,14.19,23.21,32.7617433,-96.7659833,https://www.redfin.com/TX/Dallas/3614-Latimer-St-75215/home/30802953
3705 Guaranty St,Dallas,75215,149900,2,1.0,816,1935,2352,Single Family Residential,,77,48113003700,Dallas,14.2,23.26,32.7622631,-96.7633712,https://www.redfin.com/TX/Dallas/3705-Guaranty-St-75215/home/30802606
3335 Spring Ave,Dallas,75215,325000,3,2.0,2215,2026,7318,Single Family Residential,,96,48113003700,Dallas,14.15,23.43,32.7659642,-96.7519742,https://www.redfin.com/TX/Dallas/3335-Spring-Ave-75215/home/30804453
3618 Jeffries St,Dallas,75215,207000,3,1.0,1132,1925,5358,Single Family Residential,,112,48113003700,Dallas,14.0,23.13,32.7656449,-96.7615893,https://www.redfin.com/TX/Dallas/3618-Jeffries-St-75215/home/30808466
3523 S Trunk Ave,Dallas,75215,75000,,,,,4299,Vacant Land,,113,48113003700,Dallas,13.87,23.08,32.768486,-96.758208,https://www.redfin.com/TX/Dallas/3523-S-Trunk-Ave-75215/home/35573544
2631 Burger Ave,Dallas,75215,310000,3,2.0,1437,2025,4182,Single Family Residential,,114,48113003700,Dallas,14.08,23.12,32.7637274,-96.7650538,https://www.redfin.com/TX/Dallas/2631-Burger-Ave-75215/home/30802435
2314 Dathe St,Dallas,75215,209500,3,2.0,1388,1930,5619,Single Family Residential,,119,48113003700,Dallas,14.28,23.26,32.7601902,-96.7671824,https://www.redfin.com/TX/Dallas/2314-Dathe-St-75215/home/30802728
3104 Pennsylvania Ave,Dallas,75215,200000,3,2.0,1054,1926,4443,Single Family Residential,,167,48113003700,Dallas,13.64,22.79,32.7708579,-96.7628966,https://www.redfin.com/TX/Dallas/3104-Pennsylvania-Ave-75215/home/30797912
3424 Kimble St,Dallas,75215,150000,3,1.0,1178,1936,4225,Single Family Residential,,170,48113003700,Dallas,14.17,23.11,32.7612491,-96.7697287,https://www.redfin.com/TX/Dallas/3424-Kimble-St-75215/home/30795825
3626 Meyers St,Dallas,75215,172000,3,2.0,1144,1923,5489,Single Family Residential,,196,48113003700,Dallas,13.97,23.13,32.7664488,-96.7601488,https://www.redfin.com/TX/Dallas/3626-Meyers-St-75215/home/30808186
3634 Dunbar St,Dallas,75215,81500,,,,,5489,Vacant Land,,242,48113003700,Dallas,13.96,23.14,32.7668135,-96.759279,https://www.redfin.com/TX/Dallas/3634-Dunbar-St-75215/home/30808017
2815 Burger Ave,Dallas,75215,145000,2,1.0,1008,1925,5489,Single Family Residential,,257,48113003700,Dallas,13.99,23.08,32.7654758,-96.7632833,https://www.redfin.com/TX/Dallas/2815-Burger-Ave-75215/home/30808070
3708 S Malcolm X Blvd,Dallas,75215,94900,,,,,10890,Vacant Land,,278,48113003700,Dallas,14.16,23.27,32.7634559,-96.7609101,https://www.redfin.com/TX/Dallas/3708-Malcolm-X-Blvd-75215/home/30773361
3915 Avant St,Dallas,75215,650000,4,3.0,2200,2026,4844,Single Family Residential,,279,48113003700,Dallas,14.6,23.56,32.7556569,-96.7657301,https://www.redfin.com/TX/Dallas/3915-Avant-St-75215/home/30803219
2826 Metropolitan Ave,Dallas,75215,75000,,,,,5663,Vacant Land,,300,48113003700,Dallas,14.09,23.2,32.7644155,-96.7614648,https://www.redfin.com/TX/Dallas/2826-Metropolitan-Ave-75215/home/30808482
3939 Malcolm X Blvd,Dallas,75215,80000,,,,,11195,Vacant Land,,336,48113003700,Dallas,14.38,23.5,32.7606277,-96.7588485,https://www.redfin.com/TX/Dallas/3939-Malcolm-X-Blvd-75215/home/30802672
3912 Avant St,Dallas,75215,262000,4,2.0,1244,2019,3528,Single Family Residential,,394,48113003700,Dallas,14.58,23.55,32.7560316,-96.7655249,https://www.redfin.com/TX/Dallas/3912-Avant-St-75215/home/30803248
430 E 8th #103,Dallas,75203,449000,2,2.5,1670,2025,18508,Condo/Co-op,270,23,48113004800,Dallas,14.51,22.37,32.7502963,-96.8178889,https://www.redfin.com/TX/Dallas/430-E-8th-St-75203/unit-103/home/195590211
823 Havendon Cir,Dallas,75203,323372,3,2.0,1214,1930,5881,Single Family Residential,,45,48113004800,Dallas,15.4,23.14,32.7372551,-96.8196341,https://www.redfin.com/TX/Dallas/823-Havendon-Cir-75203/home/30829716
845 Betterton Cir,Dallas,75203,475000,,,,,,Vacant Land,,53,48113004800,Dallas,14.68,22.68,32.7481315,-96.8112739,https://www.redfin.com/TX/Dallas/845-Betterton-Cir-75203/home/30826505
352 E Page Ave,Dallas,75203,292500,3,2.0,1240,1945,6229,Single Family Residential,,63,48113004800,Dallas,15.22,23.0,32.7399359,-96.8182227,https://www.redfin.com/TX/Dallas/352-E-Page-Ave-75203/home/30829682
430 E 8th #201,Dallas,75203,499000,2,2.5,1670,2025,18508,Condo/Co-op,270,76,48113004800,Dallas,14.51,22.37,32.7502963,-96.8178889,https://www.redfin.com/TX/Dallas/430-E-8th-St-75203/unit-201/home/195658057
413 E 10th St,Dallas,75203,499000,3,4.0,2720,1951,8930,Single Family Residential,,127,48113004800,Dallas,14.69,22.52,32.7476678,-96.8183311,https://www.redfin.com/TX/Dallas/413-E-10th-St-75203/home/30826426
430 E 8th,Dallas,75203,3099000,2,2.5,11580,2025,18508,Condo/Co-op,,218,48113004800,Dallas,14.51,22.37,32.7502963,-96.8178889,https://www.redfin.com/TX/Dallas/430-E-8th-St-75203/home/30826039
3051 Utah Ave,Dallas,75216,298900,4,2.0,1927,1947,8367,Single Family Residential,,5,48113005600,Dallas,17.46,25.22,32.7078053,-96.8098,https://www.redfin.com/TX/Dallas/3051-Utah-Ave-75216/home/30840922
227 Halsey St,Dallas,75224,218500,4,2.0,1750,1948,7815,Single Family Residential,,16,48113005600,Dallas,17.27,24.71,32.710042,-96.8259353,https://www.redfin.com/TX/Dallas/227-Halsey-St-75224/home/30894319
303 Brodie St,Dallas,75224,259900,3,2.0,1000,1948,6882,Single Family Residential,,20,48113005600,Dallas,17.41,24.82,32.7080735,-96.8266125,https://www.redfin.com/TX/Dallas/303-Brodie-St-75224/home/30894249
2826 Alaska Ave,Dallas,75216,219900,3,2.0,1090,1954,,Single Family Residential,,29,48113005600,Dallas,17.14,24.81,32.7121985,-96.8156199,https://www.redfin.com/TX/Dallas/2826-Alaska-Ave-75216/home/30840200
215 Missouri Ave,Dallas,75224,175000,2,1.0,576,1920,7236,Single Family Residential,,33,48113005600,Dallas,16.74,24.22,32.717791,-96.8254065,https://www.redfin.com/TX/Dallas/215-W-Missouri-Ave-75224/home/30839448
2939 Alaska Ave,Dallas,75216,420000,4,3.0,2300,2026,7405,Single Family Residential,,34,48113005600,Dallas,17.29,24.93,32.7099925,-96.816113,https://www.redfin.com/TX/Dallas/2939-Alaska-Ave-75216/home/30841021
2930 Maryland Ave,Dallas,75216,174999,2,1.0,1022,1947,7710,Single Family Residential,,151,48113005600,Dallas,17.28,24.99,32.7102824,-96.8131406,https://www.redfin.com/TX/Dallas/2930-Maryland-Ave-75216/home/30840791
515 E Brownlee Ave,Dallas,75216,65000,,,,,2265,Vacant Land,,358,48113005600,Dallas,17.19,24.83,32.7114579,-96.8165434,https://www.redfin.com/TX/Dallas/515-E-Brownlee-Ave-75216/home/30840232
1606 Mentor Ave,Dallas,75216,190000,3,2.0,1226,1938,8477,Single Family Residential,,6,48113005700,Dallas,18.64,26.48,32.691278,-96.8007868,https://www.redfin.com/TX/Dallas/1606-Mentor-Ave-75216/home/30843359
4737 Kildare Ave,Dallas,75216,139500,2,1.0,847,1945,7673,Single Family Residential,,7,48113005700,Dallas,18.77,26.7,32.6898496,-96.795197,https://www.redfin.com/TX/Dallas/4737-Kildare-Ave-75216/home/30844307
1907 E Overton Rd,Dallas,75216,75000,,,,1946,5881,Vacant Land,,14,48113005700,Dallas,17.68,25.65,32.7054591,-96.7982658,https://www.redfin.com/TX/Dallas/1907-E-Overton-Rd-75216/home/30844779
4714 Kildare Ave,Dallas,75216,165000,3,2.0,1240,1948,7449,Single Family Residential,,43,48113005700,Dallas,18.72,26.66,32.6906417,-96.7950569,https://www.redfin.com/TX/Dallas/4714-Kildare-Ave-75216/home/30844326
3831 Opal Ave,Dallas,75216,309000,3,2.0,1555,2019,6839,Single Family Residential,,50,48113005700,Dallas,17.92,25.9,32.7020815,-96.7968571,https://www.redfin.com/TX/Dallas/3831-Opal-Ave-75216/home/30844166
1818 Marfa Ave,Dallas,75216,399000,4,3.0,2583,2026,7166,Single Family Residential,,59,48113005700,Dallas,17.79,25.75,32.7039925,-96.7980642,https://www.redfin.com/TX/Dallas/1818-Marfa-Ave-75216/home/30840116
1802 Fordham Rd,Dallas,75216,199000,3,2.0,1060,1939,6926,Single Family Residential,,65,48113005700,Dallas,18.16,26.11,32.6985775,-96.797331,https://www.redfin.com/TX/Dallas/1802-Fordham-Rd-75216/home/30843584
2015 Volga Ave,Dallas,75216,350000,4,3.0,2211,2021,9496,Single Family Residential,,85,48113005700,Dallas,17.9,25.93,32.7026404,-96.7943928,https://www.redfin.com/TX/Dallas/2015-Volga-Ave-75216/home/30844176
4119 S Denley Dr,Dallas,75216,379999,4,2.0,2095,2025,22085,Single Family Residential,,94,48113005700,Dallas,18.21,26.14,32.6979029,-96.7976194,https://www.redfin.com/TX/Dallas/4119-S-Denley-Dr-75216/home/30843778
4715 S Denley Dr,Dallas,75216,464000,5,4.0,2860,2025,7500,Single Family Residential,,232,48113005700,Dallas,18.71,26.68,32.691004,-96.7933364,https://www.redfin.com/TX/Dallas/4715-S-Denley-Dr-75216/home/30738092
1817 Adelaide Dr,Dallas,75216,32500,,,,,29490,Vacant Land,,393,48113005700,Dallas,18.8,26.71,32.6894089,-96.7961626,https://www.redfin.com/TX/Dallas/1817-Adelaide-Dr-75216/home/30844308
1815 Kingsley Dr,Dallas,75216,33200,,,,,27094,Vacant Land,,521,48113005700,Dallas,18.9,26.82,32.688026,-96.795256,https://www.redfin.com/TX/Dallas/1815-Kingsley-Dr-75216/home/30844229
1017 Hoke Smith Dr,Dallas,75224,325000,3,2.0,1400,1952,7231,Single Family Residential,,13,48113006001,Dallas,17.41,24.55,32.7081028,-96.8389505,https://www.redfin.com/TX/Dallas/1017-Hoke-Smith-Dr-75224/home/30894008
3212 S Llewellyn Ave,Dallas,75224,229000,2,2.0,1040,1950,7318,Single Family Residential,,63,48113006001,Dallas,17.52,24.8,32.7064371,-96.8322643,https://www.redfin.com/TX/Dallas/3212-S-Llewellyn-Ave-75224/home/30893240
3030 Obannon Dr,Dallas,75224,215000,2,1.0,864,1950,7346,Single Family Residential,,113,48113006001,Dallas,17.23,24.46,32.7107081,-96.8352602,https://www.redfin.com/TX/Dallas/3030-O-Bannon-Dr-75224/home/30893776
3902 Orlando Ct,Dallas,75211,299900,,,1536,1942,12110,Multi-Family (2-4 Unit),,38,48113006701,Dallas,15.23,21.34,32.7442967,-96.8838117,https://www.redfin.com/TX/Dallas/3902-Orlando-Ct-75211/home/30852958
4330 Pensacola Ct,Dallas,75211,174000,2,1.0,784,1942,6665,Single Family Residential,,88,48113006701,Dallas,15.34,21.25,32.7438828,-96.8908211,https://www.redfin.com/TX/Dallas/4330-Pensacola-Ct-75211/home/30853459
411 N Gilpin Ave,Dallas,75211,250000,,,,,29250,Vacant Land,,321,48113006701,Dallas,14.91,21.11,32.748502,-96.880983,https://www.redfin.com/TX/Dallas/411-N-Gilpin-Ave-75211/home/35598520
3240 Lombardy Ln #102,Dallas,75220,100000,2,1.5,1008,1981,35240,Condo/Co-op,240,156,48113007204,Dallas,6.87,13.89,32.8662361,-96.8695806,https://www.redfin.com/TX/Dallas/3240-Lombardy-Ln-75220/unit-102/home/31137785
3209 Norwalk Ave,Dallas,75220,879000,8,8.0,5136,1982,7928,Multi-Family (5+ Unit),,28,48113007205,Dallas,7.13,14.2,32.8618824,-96.8678071,https://www.redfin.com/TX/Dallas/3209-Norwalk-Ave-75220/home/30882083
7510 Holly Hill Dr #150,Dallas,75231,190000,2,2.5,1178,1979,128197,Condo/Co-op,526,1,48113007815,Dallas,7.16,17.66,32.8785822,-96.7537494,https://www.redfin.com/TX/Dallas/7510-Holly-Hill-Dr-75231/unit-150/home/30859485
5750 Phoenix Dr #22,Dallas,75231,75000,1,1.0,605,1981,87425,Condo/Co-op,285,11,48113007815,Dallas,7.09,17.51,32.8761026,-96.7597315,https://www.redfin.com/TX/Dallas/5750-Phoenix-Dr-75231/unit-22/home/31133415
7522 Holly Hill Dr #14,Dallas,75231,90000,1,1.0,593,1979,107332,Condo/Co-op,300,11,48113007815,Dallas,7.12,17.65,32.8796872,-96.7530655,https://www.redfin.com/TX/Dallas/7522-Holly-Hill-Dr-75231/unit-14/home/30859462
7510 Holly Hill Dr #152,Dallas,75231,204500,2,2.5,1179,1979,,Condo/Co-op,527,20,48113007815,Dallas,7.16,17.66,32.8785822,-96.7537494,https://www.redfin.com/TX/Dallas/7510-Holly-Hill-Dr-75231/unit-152/home/30859479
7135 Fair Oaks Ave #21,Dallas,75231,150000,2,3.0,1427,1974,130070,Condo/Co-op,576,28,48113007815,Dallas,7.28,17.7,32.8740829,-96.7574426,https://www.redfin.com/TX/Dallas/7135-Fair-Oaks-Ave-75231/unit-21/home/30858565
7525 Holly Hill Dr #1,Dallas,75231,170000,1,1.0,863,1980,118832,Condo/Co-op,414,29,48113007815,Dallas,7.06,17.58,32.880068,-96.754181,https://www.redfin.com/TX/Dallas/7525-Holly-Hill-Dr-75231/unit-1/home/30859026
7510 Holly Hill Dr #105,Dallas,75231,199000,2,3.0,1176,1979,128197,Condo/Co-op,527,32,48113007815,Dallas,7.16,17.66,32.8785822,-96.7537494,https://www.redfin.com/TX/Dallas/7510-Holly-Hill-Dr-75231/unit-105/home/30859347
7431 Holly Hill Dr #210,Dallas,75231,105000,2,1.0,781,1979,122273,Condo/Co-op,379,34,48113007815,Dallas,7.07,17.55,32.878579,-96.756228,https://www.redfin.com/TX/Dallas/7431-Holly-Hill-Dr-75231/unit-210/home/31166332
7522 Holly Hill Dr #59,Dallas,75231,138888,1,1.0,817,1979,107332,Condo/Co-op,415,50,48113007815,Dallas,7.12,17.65,32.8796872,-96.7530655,https://www.redfin.com/TX/Dallas/7522-Holly-Hill-Dr-75231/unit-59/home/30859408
7107 Holly Hill Dr #209,Dallas,75231,139999,2,1.0,1077,1978,20647,Condo/Co-op,450,61,48113007815,Dallas,7.13,17.52,32.8746315,-96.7608768,https://www.redfin.com/TX/Dallas/7107-Holly-Hill-Dr-75231/unit-209/home/185781830
7450 Holly Hill Dr #103,Dallas,75231,264500,2,2.5,1312,1979,79105,Condo/Co-op,475,69,48113007815,Dallas,7.12,17.61,32.8784232,-96.7550866,https://www.redfin.com/TX/Dallas/7450-Holly-Hill-Dr-75231/unit-103/home/30859354
7510 Holly Hill Dr #127,Dallas,75231,199000,2,2.5,1184,1979,128197,Condo/Co-op,526,83,48113007815,Dallas,7.16,17.66,32.8785822,-96.7537494,https://www.redfin.com/TX/Dallas/7510-Holly-Hill-Dr-75231/unit-127/home/30859505
5750 Phoenix Dr Unit 46D,Dallas,75231,135000,2,2.0,1023,1981,43865,Condo/Co-op,480,84,48113007815,Dallas,7.09,17.51,32.8761026,-96.7597315,https://www.redfin.com/TX/Dallas/5750-Phoenix-Dr-75231/unit-46D/home/200367459
7522 Holly Hill Dr #7,Dallas,75231,80000,1,1.0,736,1979,107332,Condo/Co-op,374,98,48113007815,Dallas,7.12,17.65,32.8796872,-96.7530655,https://www.redfin.com/TX/Dallas/7522-Holly-Hill-Dr-75231/unit-7/home/30859464
7431 Holly Hill Dr #108,Dallas,75231,89900,2,1.0,785,1979,122273,Condo/Co-op,309,210,48113007815,Dallas,7.07,17.55,32.878579,-96.756228,https://www.redfin.com/TX/Dallas/7431-Holly-Hill-Dr-75231/unit-108/home/31166322
7431 Holly Hill Dr #110,Dallas,75231,104900,2,1.0,779,1979,122273,Condo/Co-op,382,255,48113007815,Dallas,7.07,17.55,32.878579,-96.756228,https://www.redfin.com/TX/Dallas/7431-Holly-Hill-Dr-75231/unit-110/home/31166328
7431 Holly Hill Dr #217,Dallas,75231,94900,1,1.0,609,1979,122273,Condo/Co-op,312,286,48113007815,Dallas,7.07,17.55,32.878579,-96.756228,https://www.redfin.com/TX/Dallas/7431-Holly-Hill-Dr-75231/unit-217/home/31166344
7126 Holly Hill Dr #304,Dallas,75231,109900,1,1.0,647,1983,39988,Condo/Co-op,119,384,48113007815,Dallas,7.22,17.62,32.8743184,-96.7588568,https://www.redfin.com/TX/Dallas/7126-Holly-Hill-Dr-75231/unit-304/home/31178889
7126 Holly Hill Dr #210,Dallas,75231,84900,1,1.0,573,1983,39988,Condo/Co-op,105,384,48113007815,Dallas,7.22,17.62,32.8743184,-96.7588568,https://www.redfin.com/TX/Dallas/7126-Holly-Hill-Dr-75231/unit-210/home/31178902
6050 Melody Ln #324,Dallas,75231,59000,1,1.0,623,1979,351616,Condo/Co-op,270,62,48113007819,Dallas,7.55,17.86,32.8676011,-96.7604992,https://www.redfin.com/TX/Dallas/6050-Melody-Ln-75231/unit-324/home/30868555
6050 Melody Ln #308,Dallas,75231,64900,1,1.0,787,1979,351616,Condo/Co-op,343,77,48113007819,Dallas,7.55,17.86,32.8676011,-96.7604992,https://www.redfin.com/TX/Dallas/6050-Melody-Ln-75231/unit-308/home/30868531
6141 Summer Creek Cir Unit I,Dallas,75231,299500,2,2.0,987,1980,148714,Condo/Co-op,150,112,48113007819,Dallas,8.05,18.37,32.86243,-96.754127,https://www.redfin.com/TX/Dallas/6141-Summer-Creek-Cir-75231/unit-I/home/30868657
6050 Melody Ln #317,Dallas,75231,81000,1,1.0,787,1979,351616,Condo/Co-op,312,115,48113007819,Dallas,7.55,17.86,32.8676011,-96.7604992,https://www.redfin.com/TX/Dallas/6050-Melody-Ln-75231/unit-317/home/30869069
6050 Melody Ln #318,Dallas,75231,64900,1,1.0,787,1979,351616,Condo/Co-op,343,135,48113007819,Dallas,7.55,17.86,32.8676011,-96.7604992,https://www.redfin.com/TX/Dallas/6050-Melody-Ln-75231/unit-318/home/30869066
6050 Melody Ln #108,Dallas,75231,99000,2,2.0,1127,1979,351616,Condo/Co-op,494,136,48113007819,Dallas,7.55,17.86,32.8676011,-96.7604992,https://www.redfin.com/TX/Dallas/6050-Melody-Ln-75231/unit-108/home/30868546
6107 Summer Creek Cir,Dallas,75231,345000,2,2.0,1272,1980,148714,Townhouse,150,167,48113007819,Dallas,7.97,18.29,32.863409,-96.755025,https://www.redfin.com/TX/Dallas/6107-Summer-Creek-Cir-75231/home/30868587
6050 Melody Ln #209,Dallas,75231,74900,1,1.0,623,1979,351616,Condo/Co-op,270,256,48113007819,Dallas,7.55,17.86,32.8676011,-96.7604992,https://www.redfin.com/TX/Dallas/6050-Melody-Ln-75231/unit-209/home/30869087
6050 Melody Ln #107,Dallas,75231,114500,2,2.0,1127,1979,,Condo/Co-op,490,315,48113007819,Dallas,7.55,17.86,32.8676011,-96.7604992,https://www.redfin.com/TX/Dallas/6050-Melody-Ln-75231/unit-107/home/30868547
8110 Skillman St #2072,Dallas,75231,85000,2,2.0,843,1980,343035,Condo/Co-op,451,6,48113007827,Dallas,7.59,18.34,32.890158,-96.728901,https://www.redfin.com/TX/Dallas/8110-Skillman-St-75231/unit-2072/home/31066336
8110 Skillman St #2032,Dallas,75231,109999,2,2.0,962,1980,343035,Condo/Co-op,551,7,48113007827,Dallas,7.59,18.34,32.890158,-96.728901,https://www.redfin.com/TX/Dallas/8110-Skillman-St-75231/unit-2032/home/31064749
9910 Royal Ln #1006,Dallas,75231,188500,2,1.5,1070,1981,277782,Condo/Co-op,533,9,48113007827,Dallas,7.66,18.43,32.89365,-96.724191,https://www.redfin.com/TX/Dallas/9910-Royal-Ln-75231/unit-1006/home/31127539
9910 Royal Ln #903,Dallas,75231,239900,2,2.5,1195,1981,277782,Townhouse,595,20,48113007827,Dallas,7.66,18.43,32.89365,-96.724191,https://www.redfin.com/TX/Dallas/9910-Royal-Ln-75231/unit-903/home/31127562
7340 Skillman St #402,Dallas,75231,132900,2,1.0,855,1982,275865,Condo/Co-op,565,23,48113007827,Dallas,7.73,18.42,32.882874,-96.733402,https://www.redfin.com/TX/Dallas/7340-Skillman-St-75231/unit-402/home/31177714
7340 Skillman St #1207,Dallas,75231,139999,2,2.0,882,1983,275865,Condo/Co-op,580,28,48113007827,Dallas,7.73,18.42,32.882874,-96.733402,https://www.redfin.com/TX/Dallas/7340-Skillman-St-75231/unit-1207/home/31179178
9910 Royal Ln #1202,Dallas,75231,195000,2,1.5,1070,1981,277782,Condo/Co-op,433,29,48113007827,Dallas,7.66,18.43,32.89365,-96.724191,https://www.redfin.com/TX/Dallas/9910-Royal-Ln-75231/unit-1202/home/31127549
8110 Skillman St #1062,Dallas,75231,79500,2,2.0,843,1980,343035,Condo/Co-op,410,30,48113007827,Dallas,7.59,18.34,32.890158,-96.728901,https://www.redfin.com/TX/Dallas/8110-Skillman-St-75231/unit-1062/home/31064853
8110 Skillman St #1064,Dallas,75231,104900,2,2.0,843,1980,343035,Condo/Co-op,452,42,48113007827,Dallas,7.59,18.34,32.890158,-96.728901,https://www.redfin.com/TX/Dallas/8110-Skillman-St-75231/unit-1064/home/31064826
9910 Royal Ln #1204,Dallas,75231,192500,2,1.5,1070,1981,277782,Condo/Co-op,533,42,48113007827,Dallas,7.66,18.43,32.89365,-96.724191,https://www.redfin.com/TX/Dallas/9910-Royal-Ln-75231/unit-1204/home/31127471
8110 Skillman St #1002,Dallas,75231,64500,1,1.0,569,1980,,Condo/Co-op,336,49,48113007827,Dallas,7.63,18.37,32.8903733,-96.7279911,https://www.redfin.com/TX/Dallas/8110-Skillman-St-75231/unit-1002/home/200842628
7340 Skillman St #102,Dallas,75231,134999,2,1.0,855,1982,275865,Condo/Co-op,490,49,48113007827,Dallas,7.73,18.42,32.882874,-96.733402,https://www.redfin.com/TX/Dallas/7340-Skillman-St-75231/unit-102/home/31177673
9222 Church Rd #108,Dallas,75231,225000,2,2.0,1379,1983,156511,Condo/Co-op,776,54,48113007827,Dallas,7.65,18.35,32.8857588,-96.7322383,https://www.redfin.com/TX/Dallas/9222-Church-Rd-75231/unit-108/home/31187478
8110 Skillman St #1067,Dallas,75231,67950,1,1.0,602,1980,343035,Condo/Co-op,336,69,48113007827,Dallas,7.59,18.34,32.890158,-96.728901,https://www.redfin.com/TX/Dallas/8110-Skillman-St-75231/unit-1067/home/31064824
7340 Skillman St #1203,Dallas,75231,129900,1,1.0,595,1983,275865,Condo/Co-op,392,76,48113007827,Dallas,7.73,18.42,32.882874,-96.733402,https://www.redfin.com/TX/Dallas/7340-Skillman-St-75231/unit-1203/home/31179182
9910 Royal Ln #208,Dallas,75231,185000,1,1.5,1115,1981,277782,Condo/Co-op,423,83,48113007827,Dallas,7.66,18.43,32.89365,-96.724191,https://www.redfin.com/TX/Dallas/9910-Royal-Ln-75231/unit-208/home/31127609
9222 Church Rd #112,Dallas,75231,245000,2,2.0,1379,1983,156511,Condo/Co-op,772,90,48113007827,Dallas,7.65,18.35,32.8857588,-96.7322383,https://www.redfin.com/TX/Dallas/9222-Church-Rd-75231/unit-112/home/31187474
7340 Skillman St #1109,Dallas,75231,120000,1,1.0,663,1983,275861,Condo/Co-op,380,104,48113007827,Dallas,7.73,18.42,32.882874,-96.733402,https://www.redfin.com/TX/Dallas/7340-Skillman-St-75231/unit-1109/home/31177582
8110 Skillman St #2031,Dallas,75231,90000,2,2.0,962,1980,343035,Condo/Co-op,534,114,48113007827,Dallas,7.59,18.34,32.890158,-96.728901,https://www.redfin.com/TX/Dallas/8110-Skillman-St-75231/unit-2031/home/31064752
9910 Royal Ln #1105,Dallas,75231,165000,1,1.5,876,1981,277782,Condo/Co-op,436,114,48113007827,Dallas,7.66,18.43,32.89365,-96.724191,https://www.redfin.com/TX/Dallas/9910-Royal-Ln-75231/unit-1105/home/31127545
7340 Skillman St #512,Dallas,75231,114900,2,1.0,855,1982,275865,Condo/Co-op,496,163,48113007827,Dallas,7.73,18.42,32.882874,-96.733402,https://www.redfin.com/TX/Dallas/7340-Skillman-St-75231/unit-512/home/31177514
8110 Skillman St #1031,Dallas,75231,115000,3,2.0,962,1980,343035,Condo/Co-op,533,202,48113007827,Dallas,7.59,18.34,32.890158,-96.728901,https://www.redfin.com/TX/Dallas/8110-Skillman-St-75231/unit-1031/home/31064748
7340 Skillman St #1004,Dallas,75231,152500,1,1.0,673,1983,,Condo/Co-op,386,220,48113007827,Dallas,7.73,18.42,32.882874,-96.733402,https://www.redfin.com/TX/Dallas/7340-Skillman-St-75231/unit-1004/home/31177560
8110 Skillman St #2020,Dallas,75231,89900,1,1.0,608,1980,343035,Condo/Co-op,300,224,48113007827,Dallas,7.59,18.34,32.890158,-96.728901,https://www.redfin.com/TX/Dallas/8110-Skillman-St-75231/unit-2020/home/31064730
9222 Church Rd #114,Dallas,75231,204500,1,1.5,1002,1983,156511,Townhouse,561,227,48113007827,Dallas,7.65,18.35,32.8857588,-96.7322383,https://www.redfin.com/TX/Dallas/9222-Church-Rd-75231/unit-114/home/31187486
7340 Skillman St #1106,Dallas,75231,139900,2,2.0,882,1983,275865,Condo/Co-op,585,291,48113007827,Dallas,7.73,18.42,32.882874,-96.733402,https://www.redfin.com/TX/Dallas/7340-Skillman-St-75231/unit-1106/home/31177571
7340 Skillman St #1113,Dallas,75231,143000,1,1.0,663,1983,275865,Condo/Co-op,437,334,48113007827,Dallas,7.73,18.42,32.882874,-96.733402,https://www.redfin.com/TX/Dallas/7340-Skillman-St-75231/unit-1113/home/31177578
6122 Ridgecrest Rd #2007,Dallas,75231,105000,1,1.0,785,1981,29621,Condo/Co-op,307,228,48113007831,Dallas,7.64,18.0,32.8679878,-96.7568805,https://www.redfin.com/TX/Dallas/6122-Ridgecrest-Rd-75231/unit-2007/home/31129202
8522 Park Ln #6,Dallas,75231,185000,2,2.5,2120,1979,53797,Single Family Residential,418,69,48113007832,Dallas,7.48,17.85,32.8704364,-96.7576512,https://www.redfin.com/TX/Dallas/8522-Park-Ln-75231/unit-6/home/30859286
8560 Park Ln Unit 229 / 46,Dallas,75231,159990,3,2.0,1310,1974,266979,Condo/Co-op,264,3,48113007832,Dallas,7.63,18.02,32.869082,-96.7552541,https://www.redfin.com/TX/Dallas/8560-Park-Ln-75231/unit-229-46/home/201584615
8560 Park Ln Unit 127 Unit 29,Dallas,75231,159990,3,2.0,1310,1974,266979,Condo/Co-op,264,9,48113007832,Dallas,7.63,18.02,32.869082,-96.7552541,https://www.redfin.com/TX/Dallas/8560-Park-Ln-75231/unit-127-Unit-29/home/201506466
8560 Park Ln #133,Dallas,75231,179900,3,2.0,1310,1974,266979,Condo/Co-op,264,15,48113007832,Dallas,7.64,18.02,32.868909,-96.755321,https://www.redfin.com/TX/Dallas/8560-Park-Ln-75231/unit-133/home/30859217
6620 Eastridge Dr #219,Dallas,75231,119999,2,2.0,1028,1970,141570,Condo/Co-op,392,13,48113007833,Dallas,8.09,18.49,32.8644,-96.7494,https://www.redfin.com/TX/Dallas/6620-Eastridge-Dr-75231/unit-219/home/30859175
8750 Park Ln #132,Dallas,75231,189000,1,1.0,701,1982,701,Condo/Co-op,346,17,48113007833,Dallas,7.82,18.26,32.8689345,-96.7498586,https://www.redfin.com/TX/Dallas/8750-Park-Ln-75231/unit-132/home/201532635
8710 Park Ln Unit C2,Dallas,75231,150000,1,1.5,1082,1974,45302,Condo/Co-op,600,24,48113007833,Dallas,7.75,18.18,32.8693751,-96.7513973,https://www.redfin.com/TX/Dallas/8710-Park-Ln-75231/unit-C2/home/30859057
6610 Eastridge Dr #114,Dallas,75231,299990,2,2.5,1496,1970,141570,Townhouse,570,64,48113007833,Dallas,8.12,18.51,32.8642233,-96.7490118,https://www.redfin.com/TX/Dallas/6610-Eastridge-Dr-75231/unit-114/home/30859203
8750 Park Ln #157,Dallas,75231,219000,2,2.5,1211,1982,92609,Condo/Co-op,543,128,48113007833,Dallas,7.82,18.26,32.8689345,-96.7498586,https://www.redfin.com/TX/Dallas/8750-Park-Ln-75231/unit-157/home/31172601
8750 Park Ln #147,Dallas,75231,135000,2,2.0,992,1982,92609,Condo/Co-op,405,178,48113007833,Dallas,7.82,18.26,32.868989,-96.7498773,https://www.redfin.com/TX/Dallas/8750-Park-Ln-75231/unit-147/home/167135352
9747 Whitehurst Dr #94,Dallas,75243,78000,1,1.0,573,1982,184825,Townhouse,245,15,48113007834,Dallas,7.35,18.14,32.901234,-96.724399,https://www.redfin.com/TX/Dallas/9747-Whitehurst-Dr-75243/unit-94/home/31189082
9747 Whitehurst Dr #150,Dallas,75243,87500,1,1.0,647,1982,,Condo/Co-op,200,101,48113007834,Dallas,7.35,18.14,32.901234,-96.724399,https://www.redfin.com/TX/Dallas/9747-Whitehurst-Dr-75243/unit-150/home/31189015
9747 Whitehurst Dr #137,Dallas,75243,79500,1,1.0,573,1982,184816,Condo/Co-op,,360,48113007834,Dallas,7.35,18.14,32.901234,-96.724399,https://www.redfin.com/TX/Dallas/9747-Whitehurst-Dr-75243/unit-137/home/31189011
8518 Coppertowne Ln,Dallas,75243,325000,2,2.5,1349,1982,2178,Townhouse,414,3,48113007835,Dallas,7.44,18.21,32.8963317,-96.7266009,https://www.redfin.com/TX/Dallas/8518-Coppertowne-Ln-75243/home/31152591
8600 Coppertowne Ln #206,Dallas,75243,150000,2,1.0,864,1982,392388,Condo/Co-op,400,5,48113007835,Dallas,7.45,18.23,32.8977864,-96.7250763,https://www.redfin.com/TX/Dallas/8600-Coppertowne-Ln-75243/unit-206/home/31166546
8600 Coppertowne Ln #903,Dallas,75243,190000,2,1.0,866,1982,392388,Condo/Co-op,401,8,48113007835,Dallas,7.45,18.23,32.8977864,-96.7250763,https://www.redfin.com/TX/Dallas/8600-Coppertowne-Ln-75243/unit-903/home/31166493
8643 Brittania Ct,Dallas,75243,329000,3,3.0,1765,1993,2614,Townhouse,434,15,48113007835,Dallas,7.51,18.29,32.8978158,-96.7237527,https://www.redfin.com/TX/Dallas/8643-Brittania-Ct-75243/home/31152561
8600 Coppertowne Ln #2004,Dallas,75243,165000,1,1.0,713,1984,392388,Condo/Co-op,300,20,48113007835,Dallas,7.45,18.23,32.8977864,-96.7250763,https://www.redfin.com/TX/Dallas/8600-Coppertowne-Ln-75243/unit-2004/home/31166301
8550 Fair Oaks Xing #115,Dallas,75243,180000,2,2.5,1121,1982,324086,Single Family Residential,487,24,48113007835,Dallas,7.36,18.13,32.8970391,-96.7277102,https://www.redfin.com/TX/Dallas/8550-Fair-Oaks-Xing-75243/unit-115/home/31193341
9801 Royal Ln #707,Dallas,75231,205000,2,2.0,1067,1981,249468,Condo/Co-op,615,27,48113007835,Dallas,7.41,18.17,32.8954576,-96.7280441,https://www.redfin.com/TX/Dallas/9801-Royal-Ln-75231/unit-707/home/31126872
8418 Towneship Ln,Dallas,75243,315000,2,2.5,1311,1982,3311,Townhouse,415,41,48113007835,Dallas,7.45,18.23,32.8967328,-96.7259339,https://www.redfin.com/TX/Dallas/8418-Towneship-Ln-75243/home/31152598
9609 Orchard Hl,Dallas,75243,425000,3,2.0,2097,1974,4051,Townhouse,300,47,48113007835,Dallas,7.58,18.37,32.8964931,-96.723325,https://www.redfin.com/TX/Dallas/9609-Orchard-Hl-75243/home/31064026
8417 Towneship Ln,Dallas,75243,460000,3,2.5,2124,1993,2701,Townhouse,410,58,48113007835,Dallas,7.44,18.22,32.8970601,-96.7259666,https://www.redfin.com/TX/Dallas/8417-Towneship-Ln-75243/home/31152509
8600 Coppertowne Ln #501,Dallas,75243,179900,1,1.0,721,1982,198024,Condo/Co-op,340,62,48113007835,Dallas,7.45,18.23,32.8977864,-96.7250763,https://www.redfin.com/TX/Dallas/8600-Coppertowne-Ln-75243/unit-501/home/31166523
9801 Royal Ln #703,Dallas,75231,175000,2,2.5,1111,1981,249468,Condo/Co-op,517,63,48113007835,Dallas,7.41,18.17,32.8954576,-96.7280441,https://www.redfin.com/TX/Dallas/9801-Royal-Ln-75231/unit-703/home/200672809
8600 Coppertowne Ln #1407,Dallas,75243,100000,1,1.0,713,1983,392388,Condo/Co-op,305,79,48113007835,Dallas,7.45,18.23,32.8977864,-96.7250763,https://www.redfin.com/TX/Dallas/8600-Coppertowne-Ln-75243/unit-1407/home/31166390
9611 Orchard Hl,Dallas,75243,385000,3,2.0,1706,1974,4051,Townhouse,300,110,48113007835,Dallas,7.59,18.38,32.8963915,-96.7231995,https://www.redfin.com/TX/Dallas/9611-Orchard-Hl-75243/home/31064027
8600 Coppertowne Ln #1507,Dallas,75243,184000,2,2.0,968,1983,392388,Condo/Co-op,409,113,48113007835,Dallas,7.45,18.23,32.8977864,-96.7250763,https://www.redfin.com/TX/Dallas/8600-Coppertowne-Ln-75243/unit-1507/home/31166398
9801 Royal Ln #506,Dallas,75231,195000,2,2.5,1228,1981,,Condo/Co-op,517,174,48113007835,Dallas,7.41,18.17,32.8954576,-96.7280441,https://www.redfin.com/TX/Dallas/9801-Royal-Ln-75231/unit-506/home/31126827
3822 Vandervort Dr,Dallas,75216,479900,4,3.5,3150,1955,16248,Single Family Residential,,7,48113008604,Dallas,17.18,25.82,32.7173566,-96.7655089,https://www.redfin.com/TX/Dallas/3822-Vandervort-Dr-75216/home/30905731
3807 Arocha Dr,Dallas,75216,75000,,,,,8276,Vacant Land,,15,48113008604,Dallas,16.98,25.65,32.720429,-96.764944,https://www.redfin.com/TX/Dallas/3807-Arocha-Dr-75216/home/201390367
3021 Springview Ave,Dallas,75216,340000,4,2.0,2227,2021,10498,Single Family Residential,,38,48113008604,Dallas,17.24,25.7,32.7148105,-96.7750106,https://www.redfin.com/TX/Dallas/3021-Springview-Ave-75216/home/30905270
3322 Springview Ave,Dallas,75216,380000,4,3.0,2010,2026,11979,Single Family Residential,,43,48113008604,Dallas,17.33,25.88,32.7142923,-96.7697067,https://www.redfin.com/TX/Dallas/3322-Springview-Ave-75216/home/30905758
3427 Fordham Rd,Dallas,75216,89900,,,,,11021,Vacant Land,,62,48113008604,Dallas,17.36,25.96,32.714529,-96.766527,https://www.redfin.com/TX/Dallas/3427-Fordham-Rd-75216/home/30905762
3712 Alsbury St,Dallas,75216,80000,,,,,7667,Vacant Land,,67,48113008604,Dallas,17.05,25.71,32.7192811,-96.7652903,https://www.redfin.com/TX/Dallas/3712-Alsbury-St-75216/home/196025633
3706 Alsbury St,Dallas,75216,80000,,,,,7057,Vacant Land,,73,48113008604,Dallas,17.04,25.69,32.719476,-96.765492,https://www.redfin.com/TX/Dallas/3706-Alsbury-St-75216/home/196025614
3702 Alsbury St,Dallas,75216,150000,,,,,17511,Vacant Land,,73,48113008604,Dallas,17.02,25.67,32.719732,-96.7656389,https://www.redfin.com/TX/Dallas/3702-Alsbury-St-75216/home/196025571
3737 Kolloch Dr,Dallas,75216,75000,,,,,10367,Vacant Land,,78,48113008604,Dallas,17.1,25.78,32.718862,-96.763863,https://www.redfin.com/TX/Dallas/3737-Kolloch-Dr-75216/home/30906001
2944 King Cole Dr,Dallas,75216,329000,3,2.5,2292,1972,8015,Single Family Residential,,78,48113008604,Dallas,16.84,25.36,32.7207855,-96.7744163,https://www.redfin.com/TX/Dallas/2944-King-Cole-Dr-75216/home/30905528
3232 Springview Ave,Dallas,75216,190000,3,1.0,1108,1951,12589,Single Family Residential,,119,48113008604,Dallas,17.31,25.83,32.7144024,-96.7712789,https://www.redfin.com/TX/Dallas/3232-Springview-Ave-75216/home/30905088
3710 Prosperity Ave,Dallas,75216,420000,5,3.0,2404,2018,6447,Single Family Residential,,137,48113008604,Dallas,17.2,25.86,32.7173469,-96.7640749,https://www.redfin.com/TX/Dallas/3710-Prosperity-Ave-75216/home/30905968
3716 Bonnie View Rd,Dallas,75216,100000,,,,,9365,Vacant Land,,158,48113008604,Dallas,17.32,25.76,32.7136446,-96.7752396,https://www.redfin.com/TX/Dallas/3716-Bonnie-View-Rd-75216/home/30905219
3733 Kolloch Dr,Dallas,75216,90000,,,,,7061,Vacant Land,,237,48113008604,Dallas,17.08,25.76,32.719087,-96.763952,https://www.redfin.com/TX/Dallas/3733-Kolloch-Dr-75216/home/30906002
3503 E Overton Rd,Dallas,75216,125000,,,,,15985,Vacant Land,,1362,48113008604,Dallas,16.92,25.52,32.720579,-96.769148,https://www.redfin.com/TX/Dallas/3503-Overton-Ct-75216/home/30905525
2511 Custer Dr,Dallas,75216,275000,3,2.0,1437,2020,6926,Single Family Residential,,8,48113008703,Dallas,17.95,26.17,32.7031353,-96.783708,https://www.redfin.com/TX/Dallas/2511-Custer-Dr-75216/home/30887461
2219 E Ann Arbor Ave,Dallas,75216,210000,3,2.0,1399,2026,6795,Single Family Residential,,10,48113008703,Dallas,18.29,26.44,32.6979307,-96.7857295,https://www.redfin.com/TX/Dallas/2219-E-Ann-Arbor-Ave-75216/home/30886986
2138 Custer Dr,Dallas,75216,270000,4,2.0,1714,1940,7579,Single Family Residential,,15,48113008703,Dallas,18.1,26.22,32.700296,-96.7885692,https://www.redfin.com/TX/Dallas/2138-Custer-Dr-75216/home/30854883
2751 Moffatt Ave,Dallas,75216,124995,3,1.5,980,1949,6882,Single Family Residential,,20,48113008703,Dallas,17.99,26.35,32.7036029,-96.7760836,https://www.redfin.com/TX/Dallas/2751-Moffatt-Ave-75216/home/30904544
4203 Bonnie View Rd,Dallas,75216,224999,3,1.0,1028,1951,10442,Single Family Residential,,30,48113008703,Dallas,17.71,26.12,32.7079265,-96.7748821,https://www.redfin.com/TX/Dallas/4203-Bonnie-View-Rd-75216/home/30904590
4438 Tacoma St,Dallas,75216,407000,4,3.5,2154,2026,8189,Single Family Residential,,42,48113008703,Dallas,18.0,26.39,32.7037426,-96.7742498,https://www.redfin.com/TX/Dallas/4438-Tacoma-St-75216/home/30905506
2614 Fordham Rd,Dallas,75216,240000,2,1.0,768,1938,8059,Single Family Residential,,70,48113008703,Dallas,17.76,26.01,32.7060036,-96.7830693,https://www.redfin.com/TX/Dallas/2614-Fordham-Rd-75216/home/30887514
2618 Fordham Rd,Dallas,75216,160000,3,1.0,892,1938,7841,Single Family Residential,,80,48113008703,Dallas,17.76,26.02,32.7060697,-96.7828713,https://www.redfin.com/TX/Dallas/2618-Fordham-Rd-75216/home/30887523
2211 E Ann Arbor Ave,Dallas,75216,379999,4,3.0,2011,2025,6926,Single Family Residential,,85,48113008703,Dallas,18.3,26.44,32.697765,-96.78608,https://www.redfin.com/TX/Dallas/2211-E-Ann-Arbor-Ave-75216/home/30886961
2667 Custer Dr,Dallas,75216,225000,3,1.0,1300,1950,8407,Single Family Residential,,86,48113008703,Dallas,17.86,26.16,32.7049684,-96.7798663,https://www.redfin.com/TX/Dallas/2667-Custer-Dr-75216/home/30904872
2407 E Ann Arbor Ave,Dallas,75216,100000,,,,,7405,Vacant Land,,111,48113008703,Dallas,18.21,26.43,32.699486,-96.782594,https://www.redfin.com/TX/Dallas/2407-Ann-Arbor-Ave-75216/home/179944099
2403 E Ann Arbor Ave,Dallas,75216,100000,,,,2016,7405,Vacant Land,,111,48113008703,Dallas,18.21,26.42,32.6994941,-96.7827476,https://www.redfin.com/TX/Dallas/2403-Ann-Arbor-Ave-75216/home/180001762
2143 E Ann Arbor,Dallas,75216,40000,,,,,8308,Vacant Land,,112,48113008703,Dallas,18.27,26.39,32.697978,-96.787458,https://www.redfin.com/TX/Dallas/2143-E-Ann-Arbor-Ave-75216/home/30887011
2419 Scotland Dr,Dallas,75216,215000,3,2.0,1211,2004,6882,Single Family Residential,,160,48113008703,Dallas,18.09,26.3,32.7012061,-96.7832307,https://www.redfin.com/TX/Dallas/2419-Scotland-Dr-75216/home/30887355
2722 Locust Ave,Dallas,75216,185000,3,1.5,1200,1951,7144,Single Family Residential,,164,48113008703,Dallas,17.92,26.25,32.7043124,-96.7779967,https://www.redfin.com/TX/Dallas/2722-Locust-Ave-75216/home/30904662
4327 Gladewater Rd,Dallas,75216,25000,,,,,10106,Vacant Land,,174,48113008703,Dallas,18.25,26.37,32.6982199,-96.7877357,https://www.redfin.com/TX/Dallas/4327-Gladewater-Rd-75216/home/30854898
2734 Fordham Rd,Dallas,75216,274900,5,4.0,2168,1949,6665,Single Family Residential,,180,48113008703,Dallas,17.68,26.01,32.7075982,-96.7796229,https://www.redfin.com/TX/Dallas/2734-Fordham-Rd-75216/home/30904746
2542 Wilhurt Ave,Dallas,75216,179999,3,1.5,1152,2004,7536,Single Family Residential,,201,48113008703,Dallas,17.9,26.14,32.7040585,-96.7827639,https://www.redfin.com/TX/Dallas/2542-Wilhurt-Ave-75216/home/30887457
4207 Aztec Dr,Dallas,75216,289000,3,2.0,1386,1950,7884,Single Family Residential,,238,48113008703,Dallas,17.98,26.21,32.7027166,-96.783218,https://www.redfin.com/TX/Dallas/4207-Aztec-Dr-75216/home/30905315
1445 Templecliff Dr,Dallas,75217,240000,3,2.0,1360,1955,8799,Single Family Residential,,66,48113009103,Dallas,17.01,26.68,32.7380013,-96.7033827,https://www.redfin.com/TX/Dallas/1445-Templecliff-Dr-75217/home/30916469
8842 Donnybrook Ln,Dallas,75217,275000,4,2.0,1450,1959,7131,Single Family Residential,,71,48113009204,Dallas,17.35,27.41,32.7475663,-96.6707005,https://www.redfin.com/TX/Dallas/8842-Donnybrook-Ln-75217/home/30921743
9255 Palisade Dr,Dallas,75217,275000,3,2.0,1518,1958,7928,Single Family Residential,,97,48113009204,Dallas,17.61,27.73,32.7470819,-96.6631921,https://www.redfin.com/TX/Dallas/9255-Palisade-Dr-75217/home/30922154
1924 Oak Hill Cir,Dallas,75217,230000,3,2.0,1146,1962,7285,Single Family Residential,,112,48113009204,Dallas,17.45,27.49,32.7453344,-96.6715811,https://www.redfin.com/TX/Dallas/1924-Oak-Hill-Cir-75217/home/30922331
1828 Riverway Dr,Dallas,75217,378900,4,3.0,1979,1960,33933,Single Family Residential,,188,48113009204,Dallas,17.85,27.94,32.7428499,-96.6633165,https://www.redfin.com/TX/Dallas/1828-Riverway-Dr-75217/home/30922172
742 Ella Ave,Dallas,75217,298000,4,2.0,1672,2026,6970,Single Family Residential,,2,48113009303,Dallas,17.51,26.96,32.7261017,-96.7140327,https://www.redfin.com/TX/Dallas/742-Ella-Ave-75217/home/30918625
6331 Fenway St,Dallas,75217,245000,4,2.0,1180,1961,7492,Single Family Residential,,8,48113009303,Dallas,17.36,26.86,32.7292067,-96.7119813,https://www.redfin.com/TX/Dallas/6331-Fenway-St-75217/home/30918466
515 Elkhart Ave,Dallas,75217,217700,3,1.0,1066,1955,7231,Single Family Residential,,12,48113009303,Dallas,17.89,27.3,32.7203428,-96.7134658,https://www.redfin.com/TX/Dallas/515-Elkhart-Ave-75217/home/30919222
715 Ezekial Ave,Dallas,75217,279900,3,2.0,1470,1935,5975,Single Family Residential,,13,48113009303,Dallas,17.66,27.15,32.7249998,-96.7102128,https://www.redfin.com/TX/Dallas/715-Ezekial-Ave-75217/home/30918772
6245 Fenway St,Dallas,75217,255000,4,2.0,1332,1956,7492,Single Family Residential,,16,48113009303,Dallas,17.32,26.8,32.7292073,-96.7135465,https://www.redfin.com/TX/Dallas/6245-Fenway-St-75217/home/30918474
6257 Fenway St,Dallas,75217,244999,3,2.0,1428,1962,7500,Single Family Residential,,24,48113009303,Dallas,17.33,26.82,32.7292106,-96.7129498,https://www.redfin.com/TX/Dallas/6257-Fenway-St-75217/home/30918479
643 Rayenell Ave,Dallas,75217,350000,4,3.0,2010,2026,7754,Single Family Residential,,28,48113009303,Dallas,17.84,27.36,32.723622,-96.706446,https://www.redfin.com/TX/Dallas/643-Rayenell-Ave-75217/home/30918085
607 Bethpage Ave,Dallas,75217,304999,4,3.5,2256,1923,6926,Single Family Residential,,63,48113009303,Dallas,17.81,27.26,32.7224011,-96.7112394,https://www.redfin.com/TX/Dallas/607-Bethpage-Ave-75217/home/30919380
6369 Sarah Lee Dr,Dallas,75217,79999,,,,,11500,Vacant Land,,64,48113009303,Dallas,17.28,26.81,32.730882,-96.710823,https://www.redfin.com/TX/Dallas/6369-Sarah-Lee-Dr-75217/home/30917632
803 Rayenell Ave,Dallas,75217,374000,4,2.0,2460,2025,7449,Single Family Residential,,148,48113009303,Dallas,17.61,27.16,32.7272157,-96.7063825,https://www.redfin.com/TX/Dallas/803-Rayenell-Ave-75217/home/30918055
714 Neomi Ave,Dallas,75217,147500,2,1.0,672,1960,7187,Single Family Residential,,283,48113009303,Dallas,17.52,26.94,32.7250255,-96.7163751,https://www.redfin.com/TX/Dallas/714-Neomi-Ave-75217/home/30918963
233 Creek Cove Dr,Dallas,75217,174999,3,2.0,996,1972,3659,Townhouse,,30,48113009304,Dallas,18.23,27.65,32.7160044,-96.710279,https://www.redfin.com/TX/Dallas/233-Creek-Cove-Dr-75217/home/30919397
451 N Jim Miller Rd,Dallas,75217,100000,,,,,14810,Vacant Land,,205,48113009304,Dallas,18.23,27.79,32.7195729,-96.7006229,https://www.redfin.com/TX/Dallas/451-N-Jim-Miller-Rd-75217/home/176070911
1 S Great Trinity Forest Way,Dallas,75217,95000,,,,,13329,Vacant Land,,724,48113009304,Dallas,18.78,28.37,32.713641,-96.693194,https://www.redfin.com/TX/Dallas/1-Great-Trinity-Forest-Way-75217/home/30920932
7455 Great Trinity Forest Way,Dallas,75217,95000,,,,,13678,Vacant Land,,724,48113009304,Dallas,18.78,28.36,32.713654,-96.693465,https://www.redfin.com/TX/Dallas/7455-Great-Trinity-Forest-Way-75217/home/30920931
9818 Valley Meadow Pl,Dallas,75220,215000,2,1.5,1034,1968,192797,Condo/Co-op,375,6,48113009804,Dallas,6.43,13.19,32.8750937,-96.8754212,https://www.redfin.com/TX/Dallas/9818-Valley-Meadow-Pl-75220/home/30933364
9852 Brockbank Dr,Dallas,75220,174999,2,1.5,1031,1968,192797,Condo/Co-op,375,14,48113009804,Dallas,6.44,13.18,32.8751158,-96.8757796,https://www.redfin.com/TX/Dallas/9852-Brockbank-Dr-75220/home/30933321
3007 Valley Meadow Dr #3005,Dallas,75220,160000,2,1.5,1034,1968,192797,Condo/Co-op,375,44,48113009804,Dallas,6.32,13.25,32.8756364,-96.8721059,https://www.redfin.com/TX/Dallas/3007-Valley-Meadow-Dr-75220/unit-3005/home/30933376
9843 Park Lane Ct,Dallas,75220,169900,2,1.5,1050,1968,192797,Condo/Co-op,375,103,48113009804,Dallas,6.43,13.19,32.8750933,-96.8753974,https://www.redfin.com/TX/Dallas/9843-Park-Lane-Ct-75220/home/30933493
1534 Briarcliff Rd,Dallas,75235,144000,,,,,7100,Vacant Land,,14,48113010001,Dallas,10.21,17.56,32.8134585,-96.8527678,https://www.redfin.com/TX/Dallas/1534-Briarcliff-Rd-75235/home/169385669
5535 Mesa Cir,Dallas,75235,625000,6,7.0,4200,2026,10106,Multi-Family (2-4 Unit),,32,48113010001,Dallas,10.15,17.48,32.8143791,-96.853499,https://www.redfin.com/TX/Dallas/5535-Mesa-Cir-75235/home/31053219
1646 Briarcliff Rd,Dallas,75235,240000,3,2.0,1204,1949,5706,Single Family Residential,,37,48113010001,Dallas,10.2,17.64,32.813344,-96.850018,https://www.redfin.com/TX/Dallas/1646-Briarcliff-Rd-75235/home/31052924
5646 Arlington Park Dr,Dallas,75235,315900,3,2.0,1068,1950,7797,Single Family Residential,,98,48113010001,Dallas,10.08,17.54,32.815048,-96.8499176,https://www.redfin.com/TX/Dallas/5646-Arlington-Park-Dr-75235/home/31053357
5714 Van Winkle Blvd,Dallas,75235,179000,,,,,6752,Vacant Land,,167,48113010001,Dallas,10.05,17.27,32.816271,-96.857078,https://www.redfin.com/TX/Dallas/5714-Van-Winkle-Blvd-75235/home/195936761
1734 Nomas St,Dallas,75212,155000,,,,,6000,Vacant Land,,110,48113010101,Dallas,12.42,19.71,32.780844955,-96.84788967,https://www.redfin.com/TX/Dallas/1734-Nomas-St-75212/home/199716609
3111 Rutz St,Dallas,75212,330000,3,2.0,1392,2013,3615,Single Family Residential,,1,48113010101,Dallas,12.47,19.83,32.7800254,-96.8451807,https://www.redfin.com/TX/Dallas/3111-Rutz-St-75212/home/30973675
1704 Mcbroom St,Dallas,75212,680000,4,2.5,2878,2024,4792,Single Family Residential,,2,48113010101,Dallas,12.31,19.65,32.782356,-96.84666,https://www.redfin.com/TX/Dallas/1704-McBroom-St-75212/home/30974967
1717 Mcbroom St,Dallas,75212,650000,4,3.5,2561,2023,4792,Single Family Residential,,3,48113010101,Dallas,12.28,19.6,32.7828461,-96.8472054,https://www.redfin.com/TX/Dallas/1717-McBroom-St-75212/home/30974929
1936 Shaw St,Dallas,75212,484900,5,2.5,2408,2021,4008,Single Family Residential,,3,48113010101,Dallas,12.14,19.35,32.7852755,-96.8514536,https://www.redfin.com/TX/Dallas/1936-Shaw-St-75212/home/30976923
2027 Mcbroom St,Dallas,75212,484900,4,2.5,2307,2021,4748,Single Family Residential,,3,48113010101,Dallas,12.32,19.43,32.7828414,-96.8545616,https://www.redfin.com/TX/Dallas/2027-McBroom-St-75212/home/30976184
1739 Mcbroom St,Dallas,75212,307000,3,2.0,1057,2018,4500,Single Family Residential,,6,48113010101,Dallas,12.29,19.59,32.7828052,-96.8479812,https://www.redfin.com/TX/Dallas/1739-McBroom-St-75212/home/169382811
1701 Morris St,Dallas,75212,529900,4,3.0,1805,2022,5184,Single Family Residential,,11,48113010101,Dallas,12.23,19.57,32.7836063,-96.8465313,https://www.redfin.com/TX/Dallas/1701-Morris-St-75212/home/30974842
2043 Canada Dr,Dallas,75212,890000,4,4.0,3603,2020,8333,Single Family Residential,,16,48113010101,Dallas,11.63,18.78,32.7929813,-96.8550873,https://www.redfin.com/TX/Dallas/2043-Canada-Dr-75212/home/30976934
1823 Leath St,Dallas,75212,185500,,,,,6621,Vacant Land,,17,48113010101,Dallas,11.82,19.14,32.7896656,-96.84886,https://www.redfin.com/TX/Dallas/1823-Leath-St-75212/home/30976625
1928 Pueblo St,Dallas,75212,475000,4,2.5,3200,2025,4269,Single Family Residential,,20,48113010101,Dallas,12.49,19.67,32.7800991,-96.8517558,https://www.redfin.com/TX/Dallas/1928-Pueblo-St-75212/home/45077853
1802 Pueblo St,Dallas,75212,699900,5,3.5,3164,2022,5619,Single Family Residential,,21,48113010101,Dallas,12.48,19.76,32.7799606,-96.8482951,https://www.redfin.com/TX/Dallas/1802-Pueblo-St-75212/home/30976046
1942 Nomas St,Dallas,75212,584900,5,2.5,2571,2021,5968,Single Family Residential,,23,48113010101,Dallas,12.45,19.61,32.7808098,-96.8521509,https://www.redfin.com/TX/Dallas/1942-Nomas-St-75212/home/30976264
1810 Kraft St,Dallas,75212,799000,4,3.0,2750,2023,4704,Single Family Residential,,30,48113010101,Dallas,12.21,19.5,32.783905,-96.848617,https://www.redfin.com/TX/Dallas/1810-Kraft-St-75212/home/30974510
1940 Shaw St,Dallas,75212,180000,,,,,4008,Vacant Land,,30,48113010101,Dallas,12.14,19.35,32.7852842,-96.8514989,https://www.redfin.com/TX/Dallas/1940-Shaw-St-75212/home/30976924
3415 Chihuahua Ave,Dallas,75212,624900,4,3.5,2540,2024,3703,Single Family Residential,,34,48113010101,Dallas,12.2,19.57,32.7839633,-96.845893,https://www.redfin.com/TX/Dallas/3415-Chihuahua-Ave-75212/home/30973808
1967 Gallagher St,Dallas,75212,799000,5,4.0,4483,2026,6490,Single Family Residential,,36,48113010101,Dallas,12.17,19.33,32.7848758,-96.8532158,https://www.redfin.com/TX/Dallas/1967-Gallagher-St-75212/home/30976522
3629 Vilbig Rd,Dallas,75212,699000,4,3.5,3572,2025,9191,Single Family Residential,,36,48113010101,Dallas,11.98,19.3,32.7873128,-96.8481761,https://www.redfin.com/TX/Dallas/3629-Vilbig-Rd-75212/home/30975982
3415 Vibig Rd,Dallas,75212,185000,,,,,5000,Vacant Land,,44,48113010101,Dallas,12.21,19.51,32.7839762,-96.8482174,https://www.redfin.com/TX/Dallas/3415-Vilbig-Rd-75212/home/30974509
3634 Darien St,Dallas,75212,599500,4,3.5,2500,2026,5532,Single Family Residential,,45,48113010101,Dallas,11.97,19.19,32.78766,-96.851712,https://www.redfin.com/TX/Dallas/3634-Darien-St-75212/home/30739325
1960 Toronto St,Dallas,75212,499900,4,2.5,1975,2023,2701,Single Family Residential,,49,48113010101,Dallas,12.56,19.7,32.7791801,-96.8529306,https://www.redfin.com/TX/Dallas/1960-Toronto-St-75212/home/30976213
1914 Leath St,Dallas,75212,325000,4,3.0,1617,1920,5445,Single Family Residential,,55,48113010101,Dallas,11.86,19.11,32.7892933,-96.8509986,https://www.redfin.com/TX/Dallas/1914-Leath-St-75212/home/30978393
1706 Kraft St,Dallas,75212,519000,4,3.0,1748,2022,4879,Single Family Residential,,56,48113010101,Dallas,12.21,19.55,32.7838912,-96.8466951,https://www.redfin.com/TX/Dallas/1706-Kraft-St-75212/home/30974787
3105 Chihuahua Ave,Dallas,75212,550000,4,2.5,2214,2021,3615,Single Family Residential,,56,48113010101,Dallas,12.49,19.83,32.7796766,-96.8458708,https://www.redfin.com/TX/Dallas/3105-Chihuahua-Ave-75212/home/30973786
1838 Life Ave,Dallas,75212,495000,4,2.0,1830,2022,5314,Single Family Residential,,57,48113010101,Dallas,12.07,19.34,32.7860818,-96.8496887,https://www.redfin.com/TX/Dallas/1838-Life-Ave-75212/home/30976021
1902 Homeland St,Dallas,75212,529995,3,3.5,2160,2024,2788,Single Family Residential,,58,48113010101,Dallas,11.96,19.22,32.7877392,-96.8504763,https://www.redfin.com/TX/Dallas/1902-Homeland-St-75212/home/30976467
1846 Nomas St,Dallas,75212,629900,5,4.0,3212,2020,7971,Single Family Residential,,72,48113010101,Dallas,12.44,19.66,32.7807878,-96.8501422,https://www.redfin.com/TX/Dallas/1846-Nomas-St-75212/home/30976063
2021 Leath St,Dallas,75212,474900,4,3.0,2328,2021,3833,Single Family Residential,,72,48113010101,Dallas,11.85,19.0,32.7897306,-96.8543903,https://www.redfin.com/TX/Dallas/2021-Leath-St-75212/home/30976701
1503 Dennison St,Dallas,75212,794995,5,3.5,3399,2026,4725,Single Family Residential,,76,48113010101,Dallas,12.33,19.74,32.781885,-96.843932,https://www.redfin.com/TX/Dallas/1503-Dennison-St-75212/home/200383606
4016 Puget St,Dallas,75212,795000,4,4.5,3300,2026,4792,Single Family Residential,,78,48113010101,Dallas,11.7,18.89,32.7917612,-96.85333,https://www.redfin.com/TX/Dallas/4016-Puget-St-75212/home/30976773
1702 Nomas St,Dallas,75212,290000,,,,,8973,Vacant Land,,83,48113010101,Dallas,12.41,19.74,32.7808577,-96.8465617,https://www.redfin.com/TX/Dallas/1702-Nomas-St-75212/home/30973754
1502 Morris St,Dallas,75212,135000,,,,,4748,Vacant Land,,87,48113010101,Dallas,12.25,19.67,32.7831153,-96.843983,https://www.redfin.com/TX/Dallas/1502-Morris-St-75212/home/30973517
4007 Puget Ave,Dallas,75212,300000,3,2.0,1100,2004,4182,Single Family Residential,,104,48113010101,Dallas,11.72,18.9,32.7915471,-96.8537098,https://www.redfin.com/TX/Dallas/4007-Puget-St-75212/home/30976795
1967 Leath St,Dallas,75212,599900,4,2.5,2608,2025,4879,Single Family Residential,,115,48113010101,Dallas,11.84,19.03,32.7897162,-96.8530511,https://www.redfin.com/TX/Dallas/1967-Leath-St-75212/home/30976566
3311 Rutz St,Dallas,75212,385000,3,2.5,2342,2022,3615,Single Family Residential,,135,48113010101,Dallas,12.31,19.69,32.7823058,-96.8451673,https://www.redfin.com/TX/Dallas/3311-Rutz-St-75212/home/30973695
TBD Harston St,Dallas,75212,100000,,,,,3000,Vacant Land,,175,48113010101,Dallas,11.86,19.13,32.78915495,-96.85050807,https://www.redfin.com/TX/Dallas/TBD-Harston-St-75212/home/35596864
4031 Brundrette St,Dallas,75212,625000,4,3.0,2869,2025,4792,Single Family Residential,,177,48113010101,Dallas,11.68,18.84,32.7921968,-96.8545753,https://www.redfin.com/TX/Dallas/4031-Brundrette-St-75212/home/30976848
1916 Shaw St,Dallas,75212,545000,4,3.0,2283,2021,5271,Single Family Residential,,204,48113010101,Dallas,12.13,19.36,32.7852737,-96.8507628,https://www.redfin.com/TX/Dallas/1916-Shaw-St-75212/home/147235897
1906 Leath St,Dallas,75212,739000,3,3.5,3310,2025,2614,Single Family Residential,,214,48113010101,Dallas,11.85,19.11,32.7893282,-96.8506976,https://www.redfin.com/TX/Dallas/1906-Leath-St-75212/home/30978395
4029 Ivanhoe Ln,Dallas,75212,875000,5,4.0,3868,2023,7667,Single Family Residential,,215,48113010101,Dallas,11.68,18.81,32.7923206,-96.8555735,https://www.redfin.com/TX/Dallas/4029-Ivanhoe-Ln-75212/home/160965689
1838 Shaw St,Dallas,75212,190000,,,,,4443,Vacant Land,,287,48113010101,Dallas,12.13,19.39,32.7852531,-96.849669,https://www.redfin.com/TX/Dallas/1838-Shaw-St-75212/home/30974569
1514 Bickers St,Dallas,75212,699000,4,3.0,3045,2023,5097,Single Family Residential,,288,48113010101,Dallas,12.0,19.42,32.7867612,-96.8447424,https://www.redfin.com/TX/Dallas/1514-Bickers-St-75212/home/30974754
3321 Coronet Blvd,Dallas,75212,1200000,5,5.5,3675,2024,5053,Single Family Residential,,2,48113010102,Dallas,12.3,20.05,32.7820084,-96.8317305,https://www.redfin.com/TX/Dallas/3321-Coronet-Blvd-75212/home/30971562
3105 Crossman Ave,Dallas,75212,589900,5,3.0,2548,2024,7000,Single Family Residential,,12,48113010102,Dallas,12.47,19.94,32.7797542,-96.8413353,https://www.redfin.com/TX/Dallas/3105-Crossman-Ave-75212/home/30972516
3415 Crossman Ave,Dallas,75212,225000,,,,,6360,Vacant Land,,17,48113010102,Dallas,12.19,19.68,32.783826,-96.841527,https://www.redfin.com/TX/Dallas/3415-Crossman-Ave-75212/home/30973656
3367 Conroe St,Dallas,75212,605000,3,2.5,1891,2023,5009,Single Family Residential,,21,48113010102,Dallas,12.19,19.78,32.7837286,-96.8379184,https://www.redfin.com/TX/Dallas/3367-Conroe-St-75212/home/30972802
828 Mcbroom St,Dallas,75212,799000,4,3.5,2721,2024,4748,Single Family Residential,,24,48113010102,Dallas,12.31,19.92,32.7818949,-96.8371355,https://www.redfin.com/TX/Dallas/828-McBroom-St-75212/home/30972884
3358 Sylvan Ave,Dallas,75212,819900,5,5.5,3506,2026,5576,Single Family Residential,,26,48113010102,Dallas,12.2,19.86,32.7834816,-96.8354008,https://www.redfin.com/TX/Dallas/3358-Sylvan-Ave-75212/home/30972710
1006 Mcbroom St,Dallas,75212,610000,2,2.0,1564,2022,5706,Single Family Residential,,44,48113010102,Dallas,12.32,19.87,32.7818517,-96.83904,https://www.redfin.com/TX/Dallas/1006-McBroom-St-75212/home/30972864
1021 Nomas St,Dallas,75212,579000,2,2.0,1564,2022,5706,Single Family Residential,,56,48113010102,Dallas,12.34,19.87,32.7815776,-96.8396257,https://www.redfin.com/TX/Dallas/1021-Nomas-St-75212/home/30972875
3115 Parvia Ave,Dallas,75212,425000,,,,1948,11238,Vacant Land,,64,48113010102,Dallas,12.43,20.11,32.7801041,-96.8338073,https://www.redfin.com/TX/Dallas/3115-Parvia-Ave-75212/home/30971832
3105 Pastor St,Dallas,75212,629000,4,2.5,2656,2016,3877,Single Family Residential,,73,48113010102,Dallas,12.42,20.24,32.7803161,-96.8287079,https://www.redfin.com/TX/Dallas/3105-Pastor-St-75212/home/30971615
825 Shaw St,Dallas,75212,290000,,,,,8451,Vacant Land,,76,48113010102,Dallas,12.06,19.7,32.7855581,-96.8368741,https://www.redfin.com/TX/Dallas/825-Shaw-St-75212/home/30972759
1001 Singleton Blvd,Dallas,75212,1250000,,,,,14380,Vacant Land,,105,48113010102,Dallas,12.53,20.07,32.7787675,-96.8388263,https://www.redfin.com/TX/Dallas/1001-Singleton-Blvd-75212/home/200077404
3338 Coronet Blvd,Dallas,75212,398000,3,1.0,1116,1950,7231,Single Family Residential,,108,48113010102,Dallas,12.29,20.06,32.7821818,-96.8308317,https://www.redfin.com/TX/Dallas/3338-Coronet-Blvd-75212/home/30971568
3346 Parvia Ave,Dallas,75212,199999,,,,,3746,Vacant Land,,129,48113010102,Dallas,12.23,19.94,32.783064,-96.833364,https://www.redfin.com/TX/Dallas/3346-Parvia-Ave-75212/home/30972917
3350 Parvia Ave,Dallas,75212,199999,,,,1948,3790,Vacant Land,,129,48113010102,Dallas,12.22,19.93,32.7831937,-96.8334423,https://www.redfin.com/TX/Dallas/3350-Parvia-Ave-75212/home/30972920
3412 Borger St,Dallas,75212,265000,,,,,6351,Vacant Land,,156,48113010102,Dallas,12.2,19.68,32.7837811,-96.8418608,https://www.redfin.com/TX/Dallas/3412-Borger-St-75212/home/30973613
3406 Borger St,Dallas,75212,265000,,,,,6360,Vacant Land,,156,48113010102,Dallas,12.2,19.68,32.7836483,-96.8419802,https://www.redfin.com/TX/Dallas/3406-Borger-St-75212/home/30973611
3309 Topeka Ave,Dallas,75212,299000,2,1.0,616,1948,6360,Single Family Residential,,165,48113010102,Dallas,12.27,19.94,32.782486,-96.834952,https://www.redfin.com/TX/Dallas/3309-Topeka-Ave-75212/home/30972747
3351 Sylvan Ave,Dallas,75212,859000,4,5.0,3278,2025,5825,Single Family Residential,,174,48113010102,Dallas,12.22,19.87,32.7832077,-96.8359654,https://www.redfin.com/TX/Dallas/3351-Sylvan-Ave-75212/home/59430686
3320 Parvia Ave,Dallas,75212,250000,2,1.0,560,1948,,Single Family Residential,,199,48113010102,Dallas,12.29,19.99,32.7822005,-96.8335344,https://www.redfin.com/TX/Dallas/3320-Parvia-Ave-75212/home/30972926
3338 Sylvan Ave,Dallas,75212,695000,4,4.0,3222,2024,5532,Single Family Residential,,199,48113010102,Dallas,12.25,19.9,32.7827818,-96.8354715,https://www.redfin.com/TX/Dallas/3338-Sylvan-Ave-75212/home/30972729
3231 Topeka Ave,Dallas,75212,186000,,,,,6251,Vacant Land,,199,48113010102,Dallas,12.33,19.99,32.7815799,-96.8349402,https://www.redfin.com/TX/Dallas/3231-Topeka-Ave-75212/home/30971835
513 Pueblo St,Dallas,75212,230000,,,,1948,14479,Vacant Land,,252,48113010102,Dallas,12.39,20.1,32.7806764,-96.8328371,https://www.redfin.com/TX/Dallas/513-Pueblo-St-75212/home/30971971
517 Pueblo St,Dallas,75212,230000,,,,1948,14479,Vacant Land,,253,48113010102,Dallas,12.39,20.1,32.7806753,-96.8328905,https://www.redfin.com/TX/Dallas/517-Pueblo-St-75212/home/30971970
3102 Chicago St,Dallas,75212,535000,4,3.5,2414,2025,3572,Single Family Residential,,259,48113010102,Dallas,12.48,19.92,32.7796268,-96.8425207,https://www.redfin.com/TX/Dallas/3102-Chicago-St-75212/home/30972646
3023 Parvia Ave,Dallas,75212,549000,4,2.0,1312,1948,7318,Single Family Residential,,358,48113010102,Dallas,12.47,20.15,32.7795024,-96.8337997,https://www.redfin.com/TX/Dallas/3023-Parvia-Ave-75212/home/30971935
3355 Brantley St,Dallas,75212,274999,3,1.0,896,1948,6743,Single Family Residential,,360,48113010102,Dallas,12.2,19.93,32.7833989,-96.8330064,https://www.redfin.com/TX/Dallas/3355-Brantley-St-75212/home/30972900
TBD N Winnetka Ave,Dallas,75212,350000,,,,,9078,Vacant Land,,516,48113010102,Dallas,11.96,19.52,32.78709,-96.839891,https://www.redfin.com/TX/Dallas/TBD-N-Winnetka-Ave-75212/home/193790655
2726 Jeff St,Dallas,75212,110000,,,,,6011,Vacant Land,,185,48113010602,Dallas,13.59,18.67,32.777011,-96.915805,https://www.redfin.com/TX/Dallas/2726-Jeff-St-75212/home/30985629
2722 Jeff St,Dallas,75212,110000,,,,,6011,Vacant Land,,185,48113010602,Dallas,13.6,18.68,32.7768809,-96.9157826,https://www.redfin.com/TX/Dallas/2722-Jeff-St-75212/home/30985668
5418 Singleton Blvd,Dallas,75212,300000,3,2.0,1427,1991,5532,Single Family Residential,,13,48113010602,Dallas,13.4,18.66,32.7782897,-96.910599,https://www.redfin.com/TX/Dallas/5418-Singleton-Blvd-75212/home/30987317
2519 Chalk Hill Rd,Dallas,75212,299900,6,2.5,1586,1945,7492,Single Family Residential,,14,48113010602,Dallas,13.55,19.02,32.7741508,-96.9046262,https://www.redfin.com/TX/Dallas/2519-Chalk-Hill-Rd-75212/home/30986182
5216 Fitchburg St,Dallas,75212,68000,,,,,15943,Vacant Land,,27,48113010602,Dallas,13.75,19.2,32.771358,-96.905564,https://www.redfin.com/TX/Dallas/5216-Fitchburg-St-75212/home/30986349
2503 Jim St,Dallas,75212,375000,4,3.0,1605,2016,6011,Single Family Residential,,27,48113010602,Dallas,13.73,18.85,32.7745146,-96.914807,https://www.redfin.com/TX/Dallas/2503-Jim-St-75212/home/30985617
2434 Iroquois St,Dallas,75212,449500,4,2.0,2158,2026,7492,Single Family Residential,,34,48113010602,Dallas,13.66,19.08,32.7729707,-96.9061353,https://www.redfin.com/TX/Dallas/2434-Iroquois-St-75212/home/30986400
2902 Jim St,Dallas,75212,499000,3,3.0,2636,2021,6011,Single Family Residential,,49,48113010602,Dallas,13.51,18.62,32.7779586,-96.9150545,https://www.redfin.com/TX/Dallas/2902-Jim-St-75212/home/30986219
2707 Clymer St,Dallas,75212,284900,3,1.0,1120,1945,7492,Single Family Residential,,69,48113010602,Dallas,13.55,18.84,32.7757355,-96.9098191,https://www.redfin.com/TX/Dallas/2707-Clymer-St-75212/home/30987011
2435 Iroquois St,Dallas,75212,170000,2,1.0,840,1946,7492,Single Family Residential,,76,48113010602,Dallas,13.67,19.08,32.7728777,-96.9065905,https://www.redfin.com/TX/Dallas/2435-Iroquois-St-75212/home/30986356
2718 Jeff St,Dallas,75212,80000,,,,,6011,Vacant Land,,86,48113010602,Dallas,13.6,18.69,32.77674,-96.915745,https://www.redfin.com/TX/Dallas/2718-Jeff-St-75212/home/30985666
2714 Jeff St,Dallas,75212,80000,,,,,6011,Vacant Land,,86,48113010602,Dallas,13.61,18.7,32.776606,-96.915714,https://www.redfin.com/TX/Dallas/2714-Jeff-St-75212/home/30985664
2706 Jeff St,Dallas,75212,80000,,,,,6011,Vacant Land,,86,48113010602,Dallas,13.63,18.72,32.776339,-96.915654,https://www.redfin.com/TX/Dallas/2706-Jeff-St-75212/home/30985676
2710 Jeff St,Dallas,75212,80000,,,,,6011,Vacant Land,,86,48113010602,Dallas,13.62,18.71,32.776473,-96.915684,https://www.redfin.com/TX/Dallas/2710-Jeff-St-75212/home/30985662
5514 Fannie St,Dallas,75212,479000,5,3.0,2565,2025,12632,Single Family Residential,,114,48113010602,Dallas,13.96,19.33,32.7687882,-96.907931,https://www.redfin.com/TX/Dallas/5514-Fannie-St-75212/home/196129616
2703 Mike St,Dallas,75212,125000,,,,,5053,Vacant Land,,141,48113010602,Dallas,13.59,18.73,32.7764264,-96.9141908,https://www.redfin.com/TX/Dallas/2703-Mike-St-75212/home/30985727
5200 Fitchburg St,Dallas,75212,90900,,,,,7667,Vacant Land,,219,48113010602,Dallas,13.72,19.18,32.771711,-96.90531,https://www.redfin.com/TX/Dallas/5200-Fitchburg-St-75212/home/30987426
5124 Fitchburg St,Dallas,75212,90900,,,,,15420,Vacant Land,,219,48113010602,Dallas,13.74,19.19,32.771467,-96.905238,https://www.redfin.com/TX/Dallas/5124-Fitchburg-St-75212/home/30987425
5312 Black Hawk St,Dallas,75212,320000,4,2.0,1664,2019,4499,Single Family Residential,,223,48113010602,Dallas,14.02,19.48,32.7671867,-96.9055412,https://www.redfin.com/TX/Dallas/5312-Black-Hawk-St-75212/home/30987197
2418 Finklea St,Dallas,75212,75000,,,,,7492,Vacant Land,,282,48113010602,Dallas,13.87,19.12,32.771311,-96.91143,https://www.redfin.com/TX/Dallas/2418-Finklea-St-75212/home/30986053
2414 Finklea St,Dallas,75212,75000,,,,,7492,Vacant Land,,282,48113010602,Dallas,13.88,19.13,32.771177,-96.91139,https://www.redfin.com/TX/Dallas/2414-Finklea-St-75212/home/30986052
2415 Tally Ho Ln,Dallas,75212,85000,,,,,7492,Vacant Land,,282,48113010602,Dallas,13.86,19.12,32.7713001,-96.9109226,https://www.redfin.com/TX/Dallas/2415-Tally-Ho-Ln-75212/home/30986044
2419 Tally Ho Ln,Dallas,75212,85000,,,,,7492,Vacant Land,,282,48113010602,Dallas,13.85,19.12,32.7714209,-96.910951,https://www.redfin.com/TX/Dallas/2419-Tally-Ho-Ln-75212/home/30986047
2610 Jeff St,Dallas,75212,105000,,,,,6011,Vacant Land,,629,48113010602,Dallas,13.67,18.77,32.775664,-96.915503,https://www.redfin.com/TX/Dallas/2610-Jeff-St-75212/home/30985652
2614 Jeff St,Dallas,75212,105000,,,,,6011,Vacant Land,,629,48113010602,Dallas,13.66,18.76,32.775798,-96.915533,https://www.redfin.com/TX/Dallas/2614-Jeff-St-75212/home/30985670
2822 Ingersoll St,Dallas,75212,149900,,,,,7492,Vacant Land,,698,48113010602,Dallas,13.35,18.76,32.7777167,-96.90637,https://www.redfin.com/TX/Dallas/2822-Ingersoll-St-75212/home/30986091
1327 Charlotte St,Dallas,75211,37500,,,,,8276,Vacant Land,,32,48113010704,Dallas,16.33,21.99,32.7309167,-96.8993618,https://www.redfin.com/TX/Dallas/1327-Charlotte-St-75211/home/31041329
102 S Tillery Ave,Dallas,75211,289900,3,2.0,1218,1935,9235,Single Family Residential,,35,48113010704,Dallas,15.57,20.79,32.7459116,-96.9138143,https://www.redfin.com/TX/Dallas/102-S-Tillery-Ave-75211/home/31092988
1808 Western Park Dr,Dallas,75211,280000,3,2.0,1252,1966,7754,Single Family Residential,,210,48113010704,Dallas,16.62,22.33,32.726234,-96.8974481,https://www.redfin.com/TX/Dallas/1808-Western-Park-Dr-75211/home/30890748
122 S Ira Ave,Dallas,75211,99000,,,,,8189,Vacant Land,,359,48113010704,Dallas,15.66,20.81,32.7452717,-96.9162392,https://www.redfin.com/TX/Dallas/122-S-Ira-Ave-75211/home/31154655
2406 Cliff Teen Ct,Dallas,75233,225000,3,2.0,1348,1960,7710,Single Family Residential,,31,48113010804,Dallas,17.25,23.97,32.7113925,-96.8573348,https://www.redfin.com/TX/Dallas/2406-Cliff-Teen-Ct-75233/home/30899581
2457 Glenfield Ave,Dallas,75233,200000,2,2.0,1321,1925,8059,Single Family Residential,,62,48113010804,Dallas,16.87,23.56,32.7170396,-96.8594921,https://www.redfin.com/TX/Dallas/2457-Glenfield-Ave-75233/home/30899895
2811 Silkwood St,Dallas,75215,379900,4,2.0,2173,2026,6142,Single Family Residential,,1,48113011500,Dallas,15.81,24.89,32.7411558,-96.7503654,https://www.redfin.com/TX/Dallas/2811-Silkwood-St-75215/home/30969882
5312 Dimple Jackson St,Dallas,75210,124900,2,1.0,768,1916,6142,Single Family Residential,,16,48113011500,Dallas,14.72,24.23,32.7625902,-96.7345922,https://www.redfin.com/TX/Dallas/5312-Dimple-Jackson-St-75210/home/31054558
2710 Silkwood St,Dallas,75215,234000,3,2.0,1279,2012,6000,Single Family Residential,,23,48113011500,Dallas,15.81,24.86,32.740828,-96.7518246,https://www.redfin.com/TX/Dallas/2710-Silkwood-St-75215/home/52060057
2825 Dorris St,Dallas,75215,449999,4,2.5,2300,2025,5881,Single Family Residential,,30,48113011500,Dallas,15.7,24.81,32.742983,-96.749679,https://www.redfin.com/TX/Dallas/2825-Dorris-St-75215/home/30969828
6202 Trinity Creek Dr,Dallas,75217,350000,3,2.0,2044,2024,7405,Single Family Residential,27,34,48113011500,Dallas,16.88,26.41,32.7358675,-96.7141571,https://www.redfin.com/TX/Dallas/6202-Trinity-Creek-Dr-75217/home/30740971
2621 Choice St,Dallas,75215,199000,3,2.0,1200,2006,4530,Single Family Residential,,37,48113011500,Dallas,16.08,25.09,32.7364706,-96.7527309,https://www.redfin.com/TX/Dallas/2621-Choice-St-75215/home/30969573
5332 Dimple Jackson St,Dallas,75210,159000,2,1.0,912,1911,6034,Single Family Residential,,42,48113011500,Dallas,14.76,24.27,32.7621088,-96.733991,https://www.redfin.com/TX/Dallas/5332-Dimple-Jackson-St-75210/home/31054549
3041 Valentine St,Dallas,75215,614000,4,4.0,2950,2026,6447,Single Family Residential,,55,48113011500,Dallas,15.82,24.98,32.7420483,-96.7462373,https://www.redfin.com/TX/Dallas/3041-Valentine-St-75215/home/200272340
3018 Rochester St,Dallas,75215,579000,4,3.0,2589,2026,5837,Single Family Residential,,73,48113011500,Dallas,15.95,25.08,32.7400079,-96.7467759,https://www.redfin.com/TX/Dallas/3018-Rochester-St-75215/home/200272342
2826 Rochester St,Dallas,75215,450000,4,3.5,2410,2025,6098,Single Family Residential,,107,48113011500,Dallas,15.9,24.98,32.740021,-96.74973,https://www.redfin.com/TX/Dallas/2826-Rochester-St-75215/home/30969938
2828 Rochester St,Dallas,75215,450000,4,3.5,2410,2025,6098,Single Family Residential,,107,48113011500,Dallas,15.9,24.98,32.740022,-96.749567,https://www.redfin.com/TX/Dallas/2828-Rochester-St-75215/home/30969939
2807 Silkwood St,Dallas,75215,248000,3,3.0,1200,1961,5793,Single Family Residential,,124,48113011500,Dallas,15.8,24.88,32.7412552,-96.7504827,https://www.redfin.com/TX/Dallas/2807-Silkwood-St-75215/home/30969883
1725 Udal Ave,Dallas,75217,10100,,,,,7013,Vacant Land,,280,48113011500,Dallas,16.36,25.8,32.740459,-96.724582,https://www.redfin.com/TX/Dallas/1725-Udal-Ave-75215/home/190764002
1721 Udal Ave,Dallas,75217,10100,,,,,7013,Vacant Land,,280,48113011500,Dallas,16.36,25.8,32.740326,-96.724585,https://www.redfin.com/TX/Dallas/1721-Udal-Ave-75215/home/190764083
1719 Udal Ave,Dallas,75217,10100,,,,,7013,Vacant Land,,280,48113011500,Dallas,16.37,25.81,32.740191,-96.724588,https://www.redfin.com/TX/Dallas/1719-Udal-Ave-75215/home/190764190
1717 Udal Ave,Dallas,75217,10100,,,,,7013,Vacant Land,,280,48113011500,Dallas,16.38,25.82,32.740052,-96.724591,https://www.redfin.com/TX/Dallas/1717-Udal-Ave-75215/home/190764277
1715 Udal Ave,Dallas,75217,10100,,,,,7013,Vacant Land,,280,48113011500,Dallas,16.39,25.83,32.739915,-96.724594,https://www.redfin.com/TX/Dallas/1715-Udal-Ave-75215/home/190763625
1704 Tune Ave,Dallas,75217,10100,,,,,7013,Vacant Land,,280,48113011500,Dallas,16.42,25.85,32.739244,-96.725089,https://www.redfin.com/TX/Dallas/1704-Tune-Ave-75215/home/190763747
9643 Altacrest Dr,Dallas,75227,269900,4,2.0,1643,1965,8320,Single Family Residential,,92,48113012000,Dallas,17.26,27.52,32.7580729,-96.6549737,https://www.redfin.com/TX/Dallas/9643-Altacrest-Dr-75227/home/30943271
2718 Mossglen Dr,Dallas,75227,297000,3,2.0,1410,2016,7710,Single Family Residential,,14,48113012000,Dallas,17.32,27.59,32.7580411,-96.6532278,https://www.redfin.com/TX/Dallas/2718-Mossglen-Dr-75227/home/30774364
2137 Aspen Dr,Dallas,75227,95000,2,1.5,1110,1983,1742,Condo/Co-op,145,27,48113012000,Dallas,17.52,27.68,32.7496038,-96.6613787,https://www.redfin.com/TX/Dallas/2137-Aspen-Dr-75227/home/31144567
9510 Crestshire Dr,Dallas,75227,299999,4,2.0,1632,1964,12981,Single Family Residential,,30,48113012000,Dallas,17.38,27.57,32.7529367,-96.6598961,https://www.redfin.com/TX/Dallas/9510-Crestshire-Dr-75227/home/30942803
9415 Olde Towne Row,Dallas,75227,90000,2,1.5,1140,1983,1520,Townhouse,162,31,48113012000,Dallas,17.46,27.64,32.7517227,-96.659748,https://www.redfin.com/TX/Dallas/9415-Olde-Towne-Row-75227/home/31144246
9459 Olde Towne Row,Dallas,75227,92000,1,1.0,870,1983,1568,Townhouse,200,42,48113012000,Dallas,17.48,27.66,32.7517178,-96.6591356,https://www.redfin.com/TX/Dallas/9459-Olde-Towne-Row-75227/home/31144216
9455 Olde Village Ct,Dallas,75227,90000,1,1.5,870,1983,1699,Townhouse,145,54,48113012000,Dallas,17.5,27.68,32.7510024,-96.6595538,https://www.redfin.com/TX/Dallas/9455-Olde-Village-Ct-75227/home/31144485
2269 Aspen Dr,Dallas,75227,90000,2,1.5,870,1983,1655,Townhouse,145,54,48113012000,Dallas,17.44,27.62,32.7516015,-96.6603658,https://www.redfin.com/TX/Dallas/2269-Aspen-Dr-75227/home/31144610
9434 Olde Towne Row,Dallas,75227,101000,2,1.5,1110,1983,1568,Townhouse,145,54,48113012000,Dallas,17.49,27.67,32.7512781,-96.6594835,https://www.redfin.com/TX/Dallas/9434-Olde-Towne-Row-75227/home/31144475
9610 Jennie Lee,Dallas,75227,317999,4,2.5,3200,1966,7057,Single Family Residential,,58,48113012000,Dallas,17.31,27.54,32.7562846,-96.6564445,https://www.redfin.com/TX/Dallas/9610-Jennie-Lee-Ln-75227/home/30943208
2250 Aspen Dr,Dallas,75227,105000,2,1.5,915,1983,1568,Townhouse,145,58,48113012000,Dallas,17.48,27.66,32.7511045,-96.6600208,https://www.redfin.com/TX/Dallas/2250-Aspen-Dr-75227/home/31144586
9520 Scyene Rd,Dallas,75227,525000,,,,,238927,Vacant Land,,73,48113012000,Dallas,16.94,27.19,32.7615849,-96.658642,https://www.redfin.com/TX/Dallas/9520-Scyene-Rd-75227/home/30943337
2219 Aspen Dr,Dallas,75227,89000,2,1.5,1100,1983,2657,Townhouse,145,79,48113012000,Dallas,17.47,27.64,32.750782,-96.6608548,https://www.redfin.com/TX/Dallas/2219-Aspen-Dr-75227/home/31144625
2188 Aspen Dr,Dallas,75227,89000,2,1.5,1100,1983,2657,Townhouse,145,79,48113012000,Dallas,17.52,27.68,32.7501301,-96.6605447,https://www.redfin.com/TX/Dallas/2188-Aspen-Dr-75227/home/31144160
9447 Olde Towne Row,Dallas,75227,115000,2,1.5,1140,1983,1568,Townhouse,145,101,48113012000,Dallas,17.47,27.66,32.7516921,-96.6592981,https://www.redfin.com/TX/Dallas/9447-Olde-Towne-Row-75227/home/31144221
9830 Bluffcreek Dr,Dallas,75227,225000,3,2.0,1377,1971,7500,Single Family Residential,,114,48113012000,Dallas,17.7,27.93,32.7519712,-96.6521496,https://www.redfin.com/TX/Dallas/9830-Bluffcreek-Dr-75227/home/30943179
2174 Aspen Dr,Dallas,75227,115000,2,1.5,1100,1983,2657,Townhouse,145,114,48113012000,Dallas,17.54,27.7,32.7498546,-96.6605989,https://www.redfin.com/TX/Dallas/2174-Aspen-Dr-75227/home/31144164
2157 Aspen Dr,Dallas,75227,104000,2,1.5,1110,1983,1612,Townhouse,145,122,48113012000,Dallas,17.52,27.67,32.7498434,-96.6612019,https://www.redfin.com/TX/Dallas/2157-Aspen-Dr-75227/home/31144577
2617 N Masters Dr,Dallas,75227,170000,,,,,32060,Vacant Land,,141,48113012000,Dallas,17.5,27.8,32.757519,-96.648776,https://www.redfin.com/TX/Dallas/2617-N-Masters-Dr-75227/home/30943022
2926 N Prairie Creek Rd,Dallas,75227,209000,3,2.0,1602,1962,7797,Single Family Residential,,182,48113012000,Dallas,16.68,26.89,32.7622487,-96.6652384,https://www.redfin.com/TX/Dallas/2926-N-Prairie-Creek-Rd-75227/home/30943406
9459 Olde Village Ct,Dallas,75227,95000,1,1.5,870,1983,1742,Townhouse,145,399,48113012000,Dallas,17.51,27.68,32.7510197,-96.6594921,https://www.redfin.com/TX/Dallas/9459-Olde-Village-Ct-75227/home/31144488
2281 Aspen Dr,Dallas,75227,107500,2,1.5,1140,1983,2657,Townhouse,155,644,48113012000,Dallas,17.43,27.61,32.7518196,-96.6603605,https://www.redfin.com/TX/Dallas/2281-Aspen-Dr-75227/home/31144521
9446 Olde Village Ct,Dallas,75227,109100,1,2.0,1556,1983,1556,Townhouse,,75,48113012000,Dallas,17.52,27.69,32.7505606,-96.6597602,https://www.redfin.com/TX/Dallas/9446-Olde-Village-Ct-75227/home/31144462
1718 Tenison Hills Ct,Dallas,75228,1197000,3,3.5,2436,2026,5995,Single Family Residential,,7,48113012208,Dallas,12.47,22.57,32.805279,-96.719323,https://www.redfin.com/TX/Dallas/1718-Tenison-Hills-CT-75228/home/201552067
8515 Baumgarten Dr,Dallas,75228,339999,3,2.0,1601,1975,7623,Single Family Residential,,14,48113012211,Dallas,13.35,23.66,32.8033588,-96.6951736,https://www.redfin.com/TX/Dallas/8515-Baumgarten-Dr-75228/home/31010537
8617 Baumgarten Dr,Dallas,75228,549000,4,2.5,2224,1975,7492,Single Family Residential,,22,48113012211,Dallas,13.36,23.68,32.8044762,-96.6932797,https://www.redfin.com/TX/Dallas/8617-Baumgarten-Dr-75228/home/31010573
8605 Grumman Dr,Dallas,75228,465000,4,2.0,2151,1976,7187,Single Family Residential,,22,48113012211,Dallas,13.29,23.63,32.8058984,-96.6929938,https://www.redfin.com/TX/Dallas/8605-Grumman-Dr-75228/home/31010501
3304 Bellingham Ct,Dallas,75228,430000,4,2.0,2301,1977,9932,Single Family Residential,,28,48113012211,Dallas,13.65,23.94,32.7997654,-96.6924855,https://www.redfin.com/TX/Dallas/3304-Bellingham-Ct-75228/home/31011231
8533 Van Pelt Dr,Dallas,75228,450000,3,2.0,1911,1976,7928,Single Family Residential,,49,48113012211,Dallas,13.41,23.73,32.8036744,-96.6930505,https://www.redfin.com/TX/Dallas/8533-Van-Pelt-Dr-75228/home/31010642
8517 Van Pelt Dr,Dallas,75228,399999,3,2.0,1960,1976,7449,Single Family Residential,,138,48113012211,Dallas,13.41,23.72,32.802864,-96.6943826,https://www.redfin.com/TX/Dallas/8517-Van-Pelt-Dr-75228/home/31010651
8507 Baumgarten Dr,Dallas,75228,349000,3,2.0,1983,1975,7710,Single Family Residential,,468,48113012211,Dallas,13.36,23.66,32.8029881,-96.6956361,https://www.redfin.com/TX/Dallas/8507-Baumgarten-Dr-75228/home/31010532
3342 Shining Light Dr,Dallas,75228,345000,3,2.0,1842,2012,5706,Single Family Residential,,24,48113012302,Dallas,13.99,24.43,32.8042046,-96.6761155,https://www.redfin.com/TX/Dallas/3342-Shining-Light-Dr-75228/home/30774114
3339 Shining Light Dr,Dallas,75228,345000,4,2.0,1756,2013,5706,Single Family Residential,,28,48113012302,Dallas,13.96,24.4,32.8043411,-96.6766399,https://www.redfin.com/TX/Dallas/3339-Shining-Light-Dr-75228/home/30774119
2223 Babalos Ln,Dallas,75228,310000,3,2.0,1691,1968,8756,Single Family Residential,,51,48113012302,Dallas,13.7,24.17,32.8086924,-96.6774045,https://www.redfin.com/TX/Dallas/2223-Babalos-Ln-75228/home/31011002
2010 Gross Rd,Dallas,75228,475000,6,3.5,2430,1956,28880,Single Family Residential,,93,48113012302,Dallas,13.25,23.74,32.8147129,-96.68083,https://www.redfin.com/TX/Dallas/2010-Gross-Rd-75228/home/31011173
1832 Wonderlight Ln,Dallas,75228,449000,6,3.5,2652,1965,9148,Single Family Residential,,118,48113012302,Dallas,13.21,23.68,32.8138677,-96.6830646,https://www.redfin.com/TX/Dallas/1832-Wonderlight-Ln-75228/home/31011144
10548 Stone Canyon Rd #230,Dallas,75230,190000,2,2.0,1141,1970,452850,Condo/Co-op,659,4,48113013107,Dallas,5.82,16.24,32.8898734,-96.7744807,https://www.redfin.com/TX/Dallas/10548-Stone-Canyon-Rd-75230/unit-230/home/30995557
10430 High Hollows Dr #238,Dallas,75230,212000,2,2.5,1346,1969,6,Condo/Co-op,723,7,48113013107,Dallas,5.97,16.39,32.8883802,-96.7724503,https://www.redfin.com/TX/Dallas/10430-High-Hollows-Dr-75230/unit-238/home/30995738
10440 High Hollows Dr #146,Dallas,75230,109000,1,1.0,824,1969,242455,Condo/Co-op,375,19,48113013107,Dallas,5.94,16.36,32.8884907,-96.7730302,https://www.redfin.com/TX/Dallas/10440-High-Hollows-Dr-75230/unit-146/home/200258728
10556 High Hollows Dr #239,Dallas,75230,185000,2,2.0,1301,1970,452850,Condo/Co-op,751,26,48113013107,Dallas,5.85,16.28,32.8895657,-96.7739038,https://www.redfin.com/TX/Dallas/10556-High-Hollows-Dr-75230/unit-239/home/30995569
10416 High Hollows Dr #233,Dallas,75230,209000,2,2.5,1359,1969,242455,Condo/Co-op,662,29,48113013107,Dallas,5.99,16.41,32.8877131,-96.7728712,https://www.redfin.com/TX/Dallas/10416-High-Hollows-Dr-75230/unit-233/home/201090105
10526 Stone Canyon Rd #201,Dallas,75230,195000,3,2.0,1406,1970,452850,Condo/Co-op,812,112,48113013107,Dallas,5.86,16.27,32.888908,-96.7748205,https://www.redfin.com/TX/Dallas/10526-Stone-Canyon-Rd-75230/unit-201/home/30995620
10650 Steppington Dr #212,Dallas,75230,229000,2,2.0,1197,1979,208391,Condo/Co-op,385,133,48113013107,Dallas,5.75,16.26,32.8934218,-96.770627,https://www.redfin.com/TX/Dallas/10650-Steppington-Dr-75230/unit-212/home/30995895
10650 Steppington Dr #236,Dallas,75230,194000,2,2.0,1077,1979,208391,Condo/Co-op,333,156,48113013107,Dallas,5.75,16.26,32.8934218,-96.770627,https://www.redfin.com/TX/Dallas/10650-Steppington-Dr-75230/unit-236/home/30995840
4101 Esters Rd #101,Irving,75038,170000,2,1.0,783,1984,100536,Condo/Co-op,350,7,48113014161,Dallas,12.05,12.23,32.8632564,-97.0027993,https://www.redfin.com/TX/Irving/4101-Esters-Rd-75038/unit-101/home/200257837
4113 Esters Rd #603,Irving,75038,100000,1,1.0,493,1984,100536,Condo/Co-op,549,24,48113014161,Dallas,12.05,12.22,32.863398,-97.002863,https://www.redfin.com/TX/Irving/4113-Esters-Rd-75038/unit-603/home/31719557
4101 Esters Rd #110,Irving,75038,190000,2,2.0,906,1984,100536,Condo/Co-op,551,29,48113014161,Dallas,12.05,12.23,32.8632564,-97.0027993,https://www.redfin.com/TX/Irving/4101-Esters-Rd-75038/unit-110/home/31719552
4115 Esters Rd #710,Irving,75038,144900,2,2.0,906,1984,100536,Condo/Co-op,549,71,48113014161,Dallas,12.02,12.19,32.8638824,-97.0027286,https://www.redfin.com/TX/Irving/4115-Esters-Rd-75038/unit-710/home/31719517
924 Mccoy Dr,Irving,75062,499000,3,2.5,2388,1987,6882,Single Family Residential,33,35,48113014308,Dallas,10.61,13.29,32.8496885,-96.9572843,https://www.redfin.com/TX/Irving/924-McCoy-Dr-75062/home/31765976
2016 Meadow Lark,Irving,75060,319900,3,1.5,1555,1967,7187,Single Family Residential,,35,48113015208,Dallas,14.37,17.38,32.7889093,-96.9708977,https://www.redfin.com/TX/Irving/2016-Meadow-Lark-75060/home/31697054
1902 Glenwick Ln,Irving,75060,320000,3,2.0,1250,1969,7187,Single Family Residential,,211,48113015208,Dallas,14.34,17.23,32.7909492,-96.9733616,https://www.redfin.com/TX/Irving/1902-Glenwick-Ln-75060/home/31699475
317 12th St,Grand Prairie,75051,225000,2,1.0,1137,1950,5619,Single Family Residential,,21,48113015900,Dallas,17.64,20.52,32.743067,-96.9903411,https://www.redfin.com/TX/Grand-Prairie/317-SE-12th-St-75051/home/31515886
1333 Falcon Dr,Grand Prairie,75051,635000,10,6.5,3723,2008,15507,Single Family Residential,,59,48113015900,Dallas,18.27,21.17,32.7335578,-96.9926582,https://www.redfin.com/TX/Grand-Prairie/1333-Falcon-Dr-75051/home/30773985
905 SE 3rd St,Grand Prairie,75051,285000,4,2.0,1442,1970,9627,Single Family Residential,,23,48113016002,Dallas,18.47,21.09,32.7348853,-97.0016242,https://www.redfin.com/TX/Grand-Prairie/905-SE-3rd-St-75051/home/31545183
617 4th St,Grand Prairie,75051,55000,,,,,11195,Vacant Land,,46,48113016002,Dallas,18.18,20.79,32.739177,-97.000413,https://www.redfin.com/TX/Grand-Prairie/617-SE-4th-St-75051/home/31545188
29 2nd St,Grand Prairie,75051,32500,,,,,14723,Vacant Land,,157,48113016002,Dallas,18.84,21.5,32.729014,-97.002529,https://www.redfin.com/TX/Grand-Prairie/29-SE-2nd-St-75051/home/31545423
806 E Coral Way,Grand Prairie,75051,315000,3,2.0,1680,1965,9845,Single Family Residential,,9,48113016302,Dallas,19.22,22.25,32.7180475,-96.993536,https://www.redfin.com/TX/Grand-Prairie/806-E-Coral-Way-75051/home/31599276
2221 Varsity Dr,Grand Prairie,75051,229000,4,2.0,1800,1950,10890,Single Family Residential,,89,48113016302,Dallas,19.4,22.58,32.7131326,-96.9893479,https://www.redfin.com/TX/Grand-Prairie/2221-Varsity-Dr-75051/home/31592506
11460 Audelia Rd #272,Dallas,75243,117000,2,2.0,1087,1980,435295,Condo/Co-op,658,24,48113018505,Dallas,7.7,18.49,32.9047606,-96.7146614,https://www.redfin.com/TX/Dallas/11460-Audelia-Rd-75243/unit-272/home/31061240
11460 Audelia Rd #387,Dallas,75243,125000,3,2.0,1237,1980,435295,Condo/Co-op,750,30,48113018505,Dallas,7.7,18.49,32.9047606,-96.7146614,https://www.redfin.com/TX/Dallas/11460-Audelia-Rd-75243/unit-387/home/31061162
11470 Audelia Rd #363,Dallas,75243,124000,2,1.0,985,1983,435295,Condo/Co-op,599,32,48113018505,Dallas,7.66,18.46,32.9055108,-96.7148882,https://www.redfin.com/TX/Dallas/11470-Audelia-Rd-75243/unit-363/home/31165582
11470 Audelia Rd #162,Dallas,75243,89000,2,2.0,1087,1983,435295,Condo/Co-op,658,44,48113018505,Dallas,7.66,18.46,32.9055108,-96.7148882,https://www.redfin.com/TX/Dallas/11470-Audelia-Rd-75243/unit-162/home/31164192
11460 Audelia Rd #276,Dallas,75243,185000,2,1.5,985,1980,435295,Condo/Co-op,570,48,48113018505,Dallas,7.7,18.49,32.9047606,-96.7146614,https://www.redfin.com/TX/Dallas/11460-Audelia-Rd-75243/unit-276/home/31061236
11450 Audelia Rd #305,Dallas,75243,125000,2,2.0,1087,1980,435295,Condo/Co-op,685,51,48113018505,Dallas,7.57,18.37,32.9050738,-96.7169898,https://www.redfin.com/TX/Dallas/11450-Audelia-Rd-75243/unit-305/home/31061131
11450 Audelia Rd #308,Dallas,75243,175000,3,2.0,1237,1980,435295,Condo/Co-op,1000,104,48113018505,Dallas,7.57,18.37,32.9050738,-96.7169898,https://www.redfin.com/TX/Dallas/11450-Audelia-Rd-75243/unit-308/home/31061152
11460 Audelia Rd #172,Dallas,75243,77000,2,2.0,1087,1980,435295,Condo/Co-op,624,112,48113018505,Dallas,7.7,18.49,32.9047606,-96.7146614,https://www.redfin.com/TX/Dallas/11460-Audelia-Rd-75243/unit-172/home/31061248
11450 Audelia Rd #304,Dallas,75243,135000,2,1.5,985,1980,435295,Condo/Co-op,570,176,48113018505,Dallas,7.57,18.37,32.9050738,-96.7169898,https://www.redfin.com/TX/Dallas/11450-Audelia-Rd-75243/unit-304/home/31061132
11655 Audelia Rd #405,Dallas,75243,175000,2,1.5,983,1982,214577,Condo/Co-op,442,5,48113018508,Dallas,7.39,18.18,32.9077429,-96.7189011,https://www.redfin.com/TX/Dallas/11655-Audelia-Rd-75243/unit-405/home/31179052
9717 Summerwood Cir,Dallas,75243,320000,3,2.0,1635,1979,4530,Townhouse,,26,48113018508,Dallas,7.49,18.29,32.904763,-96.7188137,https://www.redfin.com/TX/Dallas/9717-Summerwood-Cir-75243/home/31063893
11655 Audelia Rd #601,Dallas,75243,169999,2,1.5,999,1982,214577,Condo/Co-op,401,70,48113018508,Dallas,7.39,18.18,32.9077429,-96.7189011,https://www.redfin.com/TX/Dallas/11655-Audelia-Rd-75243/unit-601/home/31179110
11655 Audelia Rd #901,Dallas,75243,128000,2,2.5,1083,1982,214577,Condo/Co-op,487,87,48113018508,Dallas,7.39,18.18,32.9077429,-96.7189011,https://www.redfin.com/TX/Dallas/11655-Audelia-Rd-75243/unit-901/home/31179089
11655 Audelia Rd #402,Dallas,75243,148500,2,1.5,983,1982,214577,Condo/Co-op,448,113,48113018508,Dallas,7.39,18.18,32.9077429,-96.7189011,https://www.redfin.com/TX/Dallas/11655-Audelia-Rd-75243/unit-402/home/200979989
11311 Audelia Rd #262,Dallas,75243,139000,2,1.5,1017,1982,422488,Condo/Co-op,393,181,48113018508,Dallas,7.58,18.37,32.902378,-96.718839,https://www.redfin.com/TX/Dallas/11311-Audelia-Rd-75243/unit-262/home/31186489
11311 Audelia Rd #230,Dallas,75243,139000,2,1.5,1017,1982,422488,Condo/Co-op,393,182,48113018508,Dallas,7.58,18.37,32.902378,-96.718839,https://www.redfin.com/TX/Dallas/11311-Audelia-Rd-75243/unit-230/home/31186698
11311 Audelia Rd #265,Dallas,75243,139777,2,1.5,935,1982,422488,Condo/Co-op,367,183,48113018508,Dallas,7.58,18.37,32.902378,-96.718839,https://www.redfin.com/TX/Dallas/11311-Audelia-Rd-75243/unit-265/home/31186484
11311 Audelia Rd #165,Dallas,75243,127000,2,1.5,890,1981,422488,Condo/Co-op,346,278,48113018508,Dallas,7.58,18.37,32.902378,-96.718839,https://www.redfin.com/TX/Dallas/11311-Audelia-Rd-75243/unit-165/home/31063974
11311 Audelia Rd #104,Dallas,75243,149000,2,2.5,1054,1982,422488,Condo/Co-op,393,387,48113018508,Dallas,7.56,18.35,32.903849,-96.718202,https://www.redfin.com/TX/Dallas/11311-Audelia-Rd-75243/unit-104/home/31063918
11311 Audelia Rd #221,Dallas,75243,139000,2,1.5,1017,1982,422488,Condo/Co-op,393,464,48113018508,Dallas,7.58,18.37,32.902378,-96.718839,https://www.redfin.com/TX/Dallas/11311-Audelia-Rd-75243/unit-221/home/31186691
11311 Audelia Rd #271,Dallas,75243,149000,2,2.5,1119,1982,422488,Condo/Co-op,421,587,48113018508,Dallas,7.58,18.37,32.902378,-96.718839,https://www.redfin.com/TX/Dallas/11311-Audelia-Rd-75243/unit-271/home/31186509
9601 Forest Ln #413,Dallas,75243,100000,2,1.0,823,1983,169448,Condo/Co-op,256,3,48113019035,Dallas,6.86,17.65,32.909986,-96.727794,https://www.redfin.com/TX/Dallas/9601-Forest-Ln-75243/unit-413/home/31169316
9906 Chimney Hill Ln,Dallas,75243,525000,4,2.5,2815,1978,10629,Single Family Residential,,6,48113019035,Dallas,6.66,17.44,32.9157161,-96.7280141,https://www.redfin.com/TX/Dallas/9906-Chimney-Hill-Ln-75243/home/31109746
10019 Hickory Xing,Dallas,75243,585000,3,3.0,2557,1979,9235,Single Family Residential,,7,48113019035,Dallas,6.9,17.69,32.9136634,-96.7245411,https://www.redfin.com/TX/Dallas/10019-Hickory-Xing-75243/home/31109647
12111 Cross Creek Dr,Dallas,75243,599000,4,3.0,2488,1979,9017,Single Family Residential,,14,48113019035,Dallas,6.91,17.7,32.9123567,-96.725189,https://www.redfin.com/TX/Dallas/12111-Cross-Creek-Dr-75243/home/31109742
10011 Hickory Xing,Dallas,75243,625000,5,4.0,3548,1979,9235,Single Family Residential,,26,48113019035,Dallas,6.88,17.66,32.9136751,-96.7250395,https://www.redfin.com/TX/Dallas/10011-Hickory-Xing-75243/home/31109649
12206 Wightman Pl,Dallas,75243,338550,3,2.5,1666,1977,2744,Single Family Residential,220,44,48113019035,Dallas,6.58,17.37,32.9133457,-96.7311035,https://www.redfin.com/TX/Dallas/12206-Wightman-Pl-75243/home/31109382
10118 Apple Creek Dr,Dallas,75243,523900,4,2.5,2649,1978,8756,Single Family Residential,,85,48113019035,Dallas,7.11,17.89,32.9143993,-96.720047,https://www.redfin.com/TX/Dallas/10118-Apple-Creek-Dr-75243/home/31110774
9601 Forest Ln #224,Dallas,75243,150000,2,1.0,868,1983,169427,Condo/Co-op,262,183,48113019035,Dallas,6.86,17.65,32.909986,-96.727794,https://www.redfin.com/TX/Dallas/9601-Forest-Ln-75243/unit-224/home/31169327
9601 Forest Ln #822,Dallas,75243,89900,1,1.0,687,1983,166094,Condo/Co-op,207,289,48113019035,Dallas,6.81,17.61,32.911393,-96.727756,https://www.redfin.com/TX/Dallas/9601-Forest-Ln-75243/unit-822/home/31169419
104 Bower Ln,Dallas,75243,150000,,,,,1263,Vacant Land,126,351,48113019035,Dallas,6.59,17.39,32.9120228,-96.7317135,https://www.redfin.com/TX/Dallas/104-Bower-Ln-75243/home/177843199
13611 Flagstone Ln,Dallas,75240,209500,2,2.0,1200,1970,1200,Townhouse,460,9,48113019208,Dallas,4.06,14.85,32.9322072,-96.7683476,https://www.redfin.com/TX/Dallas/13611-Flagstone-Ln-75240/home/31047501
13211 Emily Rd #1203,Dallas,75240,165000,1,1.0,838,1982,436,Condo/Co-op,349,15,48113019208,Dallas,4.32,15.11,32.9275932,-96.7663331,https://www.redfin.com/TX/Dallas/13211-Emily-Rd-75240/unit-1203/home/201398638
14025 Brookgreen Dr,Dallas,75240,160000,2,2.0,1148,1969,2962,Townhouse,433,19,48113019208,Dallas,4.37,15.15,32.9329091,-96.7619111,https://www.redfin.com/TX/Dallas/14025-Brookgreen-Dr-75240/home/31047555
13842 Methuen Green Ln,Dallas,75240,217999,2,2.0,1092,1969,3093,Townhouse,466,20,48113019208,Dallas,4.2,14.99,32.9328366,-96.7651816,https://www.redfin.com/TX/Dallas/13842-Methuen-Green-St-75240/home/31047393
13635 Weald Green St,Dallas,75240,270000,3,2.0,1272,1968,3267,Townhouse,466,22,48113019208,Dallas,4.07,14.85,32.9331621,-96.7675741,https://www.redfin.com/TX/Dallas/13635-Weald-Green-St-75240/home/31047472
13422 Blossomheath Ln,Dallas,75240,485000,3,2.0,2700,1965,9583,Single Family Residential,,31,48113019208,Dallas,4.16,14.95,32.9299419,-96.767888,https://www.redfin.com/TX/Dallas/13422-Blossomheath-Ln-75240/home/31047056
13357 Kit Ln,Dallas,75240,535000,6,4.0,3102,1968,18121,Single Family Residential,,31,48113019208,Dallas,4.24,15.03,32.930346,-96.766051,https://www.redfin.com/TX/Dallas/13357-Kit-Ln-75240/home/31047520
13217 Emily Rd #3210,Dallas,75240,140000,2,1.0,838,1982,90300,Condo/Co-op,175,48,48113019208,Dallas,4.33,15.12,32.9273564,-96.766326,https://www.redfin.com/TX/Dallas/13217-Emily-Rd-75240/unit-3210/home/59754064
13814 Brookgreen Dr,Dallas,75240,289999,3,2.5,1651,1969,3006,Townhouse,466,49,48113019208,Dallas,4.18,14.96,32.9324977,-96.7658499,https://www.redfin.com/TX/Dallas/13814-Brookgreen-Dr-75240/home/31047442
13351 Kit Ln,Dallas,75240,555000,6,4.0,3162,1968,11238,Multi-Family (2-4 Unit),,51,48113019208,Dallas,4.25,15.04,32.9300384,-96.7660546,https://www.redfin.com/TX/Dallas/13351-Kit-Ln-75240/home/31047521
8142 Clear Springs Rd,Dallas,75240,399000,3,2.0,1624,1965,9670,Single Family Residential,,58,48113019208,Dallas,4.07,14.83,32.9365757,-96.7656844,https://www.redfin.com/TX/Dallas/8142-Clear-Springs-Rd-75240/home/31047815
13217 Emily Rd #3207,Dallas,75240,159000,1,1.0,838,1982,90300,Condo/Co-op,349,64,48113019208,Dallas,4.33,15.12,32.9273564,-96.766326,https://www.redfin.com/TX/Dallas/13217-Emily-Rd-75240/unit-3207/home/31127131
13416 Blossomheath Ln #13418,Dallas,75240,475000,5,4.0,2700,1965,9496,Multi-Family (2-4 Unit),,70,48113019208,Dallas,4.14,14.94,32.9299471,-96.768156,https://www.redfin.com/TX/Dallas/13416-Blossomheath-Ln-75240/unit-13418/home/200564869
13652 Flagstone Ln,Dallas,75240,220000,3,2.0,1408,1970,4574,Townhouse,466,84,48113019208,Dallas,4.15,14.94,32.9316683,-96.7668787,https://www.redfin.com/TX/Dallas/13652-Flagstone-Ln-75240/home/31047600
13618 Brookgreen Dr,Dallas,75240,250000,3,2.0,1134,1968,3049,Townhouse,466,85,48113019208,Dallas,4.07,14.86,32.9325546,-96.7679857,https://www.redfin.com/TX/Dallas/13618-Brookgreen-Dr-75240/home/31047534
13632 Flagstone Ln,Dallas,75240,265000,2,2.0,1208,1970,3223,Condo/Co-op,460,156,48113019208,Dallas,4.11,14.91,32.931614,-96.767639,https://www.redfin.com/TX/Dallas/13632-Flagstone-Ln-75240/home/31047608
13849 Leinsper Green St,Dallas,75240,167000,3,2.0,1170,1969,3006,Condo/Co-op,466,173,48113019208,Dallas,4.13,14.92,32.9332907,-96.7662163,https://www.redfin.com/TX/Dallas/13849-Leinsper-Green-St-75240/home/31047677
8545 Midpark Rd #11,Dallas,75240,154900,2,1.0,896,1982,150935,Condo/Co-op,277,9,48113019213,Dallas,4.51,15.25,32.9369801,-96.7572162,https://www.redfin.com/TX/Dallas/8545-Midpark-Rd-75240/unit-11/home/31178810
8545 Midpark Rd #47,Dallas,75240,124000,1,1.0,703,1982,150935,Condo/Co-op,275,20,48113019213,Dallas,4.51,15.25,32.9369801,-96.7572162,https://www.redfin.com/TX/Dallas/8545-Midpark-Rd-75240/unit-47/home/31180285
2514 Carpenter Ave,Dallas,75215,420000,3,2.5,2157,2024,6621,Single Family Residential,,1,48113020800,Dallas,14.77,23.83,32.7547272,-96.7590234,https://www.redfin.com/TX/Dallas/2514-Carpenter-Ave-75215/home/30807921
2603 Pine St,Dallas,75215,259990,4,2.0,1534,2021,4922,Single Family Residential,,13,48113020800,Dallas,14.57,23.65,32.7576666,-96.7594617,https://www.redfin.com/TX/Dallas/2603-Pine-St-75215/home/30803120
2611 Pine St,Dallas,75215,119900,3,1.0,1296,1928,4879,Single Family Residential,,13,48113020800,Dallas,14.56,23.65,32.7578536,-96.7592407,https://www.redfin.com/TX/Dallas/2611-Pine-St-75215/home/30803118
3811 Hancock St,Dallas,75210,365000,4,2.0,2280,2026,7100,Single Family Residential,,14,48113020800,Dallas,14.5,23.92,32.7637413,-96.7413955,https://www.redfin.com/TX/Dallas/3811-Hancock-St-75210/home/30845728
2312 Stoneman St,Dallas,75215,449999,4,3.0,2106,2026,6273,Single Family Residential,,16,48113020800,Dallas,14.85,23.86,32.7530004,-96.7613099,https://www.redfin.com/TX/Dallas/2312-Stoneman-St-75215/home/30803889
2323 Stoneman St,Dallas,75215,264999,4,2.0,1480,1921,6970,Single Family Residential,,17,48113020800,Dallas,14.81,23.83,32.7534902,-96.7613886,https://www.redfin.com/TX/Dallas/2323-Stoneman-St-75215/home/30803866
2714 Stephenson Dr,Dallas,75215,210000,3,2.5,1225,2012,5358,Single Family Residential,,21,48113020800,Dallas,15.06,24.21,32.7520769,-96.7521428,https://www.redfin.com/TX/Dallas/2714-Stephenson-Dr-75215/home/30816491
2515 Macon St,Dallas,75215,305000,3,2.5,1500,2026,3267,Single Family Residential,,22,48113020800,Dallas,15.13,24.26,32.7508153,-96.7527409,https://www.redfin.com/TX/Dallas/2515-Macon-St-75215/home/30816512
2510 Southland St,Dallas,75215,105000,3,1.0,1096,1916,6229,Single Family Residential,,22,48113020800,Dallas,14.89,23.96,32.753321,-96.7576058,https://www.redfin.com/TX/Dallas/2510-Southland-St-75215/home/30807891
2614 Hooper St,Dallas,75215,250000,3,2.0,900,2022,5009,Single Family Residential,,23,48113020800,Dallas,15.33,24.49,32.7484917,-96.7500045,https://www.redfin.com/TX/Dallas/2614-Hooper-St-75215/home/30816312
2804 Frost Ave,Dallas,75215,305500,3,2.5,1756,2026,3615,Single Family Residential,,24,48113020800,Dallas,15.12,24.33,32.7522598,-96.7481997,https://www.redfin.com/TX/Dallas/2804-Frost-Ave-75215/home/30845755
2509 Saint Clair St,Dallas,75215,47500,,,,,2483,Vacant Land,,30,48113020800,Dallas,15.7,24.73,32.7418395,-96.7540915,https://www.redfin.com/TX/Dallas/2509-Saint-Clair-St-75215/home/197820473
2331 Lowery St,Dallas,75215,394900,4,3.5,2142,2026,2570,Single Family Residential,,30,48113020800,Dallas,15.48,24.5,32.744718,-96.75626,https://www.redfin.com/TX/Dallas/2331-Lowery-St-75215/home/30817265
2835 Macon St,Dallas,75215,279999,3,2.5,1500,2026,2614,Single Family Residential,,34,48113020800,Dallas,15.21,24.42,32.7508966,-96.7479416,https://www.redfin.com/TX/Dallas/2835-Macon-St-75215/home/30816376
2232 Hooper St,Dallas,75215,598000,6,5.0,3500,2024,5053,Multi-Family (2-4 Unit),,34,48113020800,Dallas,15.41,24.43,32.7455595,-96.7567961,https://www.redfin.com/TX/Dallas/2232-Hooper-St-75215/home/194929267
2230 Hooper St,Dallas,75215,299000,3,2.5,1750,2024,5053,Single Family Residential,,34,48113020800,Dallas,15.42,24.43,32.7455514,-96.7567349,https://www.redfin.com/TX/Dallas/2230-Hooper-St-75215/home/30816807
2408 Garden Dr,Dallas,75215,300000,4,2.0,1644,2020,5314,Single Family Residential,,35,48113020800,Dallas,15.08,24.15,32.7506968,-96.7562654,https://www.redfin.com/TX/Dallas/2408-Garden-Dr-75215/home/30813508
4607 Spring Garden St,Dallas,75215,99900,2,1.0,800,1928,5009,Single Family Residential,,36,48113020800,Dallas,14.51,23.81,32.7615665,-96.7480763,https://www.redfin.com/TX/Dallas/4607-Spring-Garden-St-75215/home/30804188
2651 Anderson St,Dallas,75215,214900,3,2.0,1266,2001,5140,Single Family Residential,,37,48113020800,Dallas,15.33,24.46,32.748192,-96.7513082,https://www.redfin.com/TX/Dallas/2651-Anderson-St-75215/home/30816727
4425 Rosine Ave,Dallas,75215,100000,,,,,4661,Vacant Land,,43,48113020800,Dallas,14.59,23.78,32.7587733,-96.7535603,https://www.redfin.com/TX/Dallas/4425-Rosine-Ave-75215/home/30803721
4306 Crozier St,Dallas,75215,190000,3,1.0,1042,1911,5212,Single Family Residential,,44,48113020800,Dallas,14.69,23.74,32.7555023,-96.7605895,https://www.redfin.com/TX/Dallas/4306-Crozier-St-75215/home/30803481
2532 Lowery St,Dallas,75215,309000,4,2.5,1750,2025,2496,Single Family Residential,,44,48113020800,Dallas,15.42,24.49,32.7461005,-96.7541058,https://www.redfin.com/TX/Dallas/2532-Lowery-St-75215/home/30817234
2715 Stephenson Dr,Dallas,75215,95000,,,,,5227,Vacant Land,,44,48113020800,Dallas,15.04,24.19,32.7523927,-96.7522221,https://www.redfin.com/TX/Dallas/2715-Stephenson-Dr-75215/home/30816489
4506 Roberts Ave,Dallas,75215,180000,2,2.0,1000,1946,5140,Single Family Residential,,48,48113020800,Dallas,14.49,23.77,32.7613989,-96.7496521,https://www.redfin.com/TX/Dallas/4506-Roberts-Ave-75215/home/30803567
3601 Sidney St,Dallas,75210,60000,,,,,4269,Vacant Land,,49,48113020800,Dallas,14.52,23.89,32.7625561,-96.7441323,https://www.redfin.com/TX/Dallas/3601-Sidney-St-75210/home/30845618
2851 Peary Ave,Dallas,75215,40000,,,,,3398,Vacant Land,,50,48113020800,Dallas,15.1,24.33,32.7529389,-96.7469979,https://www.redfin.com/TX/Dallas/2851-Peary-Ave-75215/home/30845762
2859 Peary Ave,Dallas,75215,40000,,,,,3441,Vacant Land,,50,48113020800,Dallas,15.09,24.33,32.7530943,-96.7468152,https://www.redfin.com/TX/Dallas/2859-Peary-Ave-75215/home/30845768
2415 Bethurum Ave,Dallas,75215,174500,3,2.0,1000,1921,4879,Single Family Residential,,50,48113020800,Dallas,15.49,24.53,32.7449362,-96.7548877,https://www.redfin.com/TX/Dallas/2415-Bethurum-Ave-75215/home/30817304
2739 Lawrence St,Dallas,75215,189000,3,2.0,1159,1924,7187,Single Family Residential,,51,48113020800,Dallas,14.84,24.01,32.7552858,-96.7528082,https://www.redfin.com/TX/Dallas/2739-Lawrence-St-75215/home/30816217
2247 Garden Dr,Dallas,75215,304900,4,2.0,1612,2026,4879,Single Family Residential,,52,48113020800,Dallas,15.13,24.15,32.7493605,-96.7588118,https://www.redfin.com/TX/Dallas/2247-Garden-Dr-75215/home/30813439
5307 Malcolm X Blvd,Dallas,75215,32900,,,,,3659,Vacant Land,,55,48113020800,Dallas,15.16,24.37,32.7516199,-96.7480606,https://www.redfin.com/TX/Dallas/5307-Malcolm-X-Blvd-75215/home/30816465
2511 Saint Clair Dr,Dallas,75215,47500,,,,,2483,Vacant Land,,55,48113020800,Dallas,15.7,24.73,32.7418817,-96.7540119,https://www.redfin.com/TX/Dallas/2511-Saint-Clair-Dr-75215/home/30817514
2550 Eugene St,Dallas,75215,259900,3,2.0,1416,2020,5706,Single Family Residential,,55,48113020800,Dallas,14.5,23.58,32.7584069,-96.760393,https://www.redfin.com/TX/Dallas/2550-Eugene-St-75215/home/30803156
4618 Spring Garden St,Dallas,75215,329999,3,2.0,1485,2026,6011,Single Family Residential,,55,48113020800,Dallas,14.53,23.84,32.7615266,-96.7474647,https://www.redfin.com/TX/Dallas/4618-Spring-Garden-St-75215/home/30804231
5402 Bexar St,Dallas,75215,292000,2,2.5,1464,2012,2004,Townhouse,,57,48113020800,Dallas,15.27,24.38,32.7485759,-96.7531851,https://www.redfin.com/TX/Dallas/5402-Bexar-St-75215/home/30816316
2317 Anderson St,Dallas,75215,222900,3,2.0,1623,1926,5009,Single Family Residential,,57,48113020800,Dallas,15.4,24.44,32.7460016,-96.7557588,https://www.redfin.com/TX/Dallas/2317-Anderson-St-75215/home/30817248
5216 Bexar St,Dallas,75215,75000,,,,,4356,Vacant Land,,62,48113020800,Dallas,15.17,24.29,32.75016,-96.7531975,https://www.redfin.com/TX/Dallas/5216-Bexar-St-75215/home/30816697
2637 Pine St,Dallas,75215,180000,2,1.0,760,1923,5576,Single Family Residential,,64,48113020800,Dallas,14.53,23.64,32.7584988,-96.7584872,https://www.redfin.com/TX/Dallas/2637-Pine-St-75215/home/30803430
5714 S Central Expy,Dallas,75215,175000,,,,,9496,Vacant Land,,64,48113020800,Dallas,15.64,24.62,32.742153,-96.757068,https://www.redfin.com/TX/Dallas/5714-S-Central-Expy-75215/home/30817278
2212 Marburg St,Dallas,75215,499000,4,3.0,2550,2026,7928,Single Family Residential,,65,48113020800,Dallas,14.97,23.95,32.7510714,-96.761822,https://www.redfin.com/TX/Dallas/2212-Marburg-St-75215/home/30803912
2414 Anderson St,Dallas,75215,325000,4,3.5,1940,2025,1873,Single Family Residential,,70,48113020800,Dallas,15.4,24.45,32.7462003,-96.754949,https://www.redfin.com/TX/Dallas/2414-Anderson-St-75215/home/30817262
3703 York St,Dallas,75210,299000,3,2.5,1699,2025,3267,Single Family Residential,,71,48113020800,Dallas,14.35,23.72,32.7648706,-96.7455552,https://www.redfin.com/TX/Dallas/3703-York-St-75210/home/30811152
2731 Marburg St,Dallas,75215,449990,4,3.0,2369,2026,7449,Single Family Residential,,78,48113020800,Dallas,14.67,23.82,32.7571129,-96.7553421,https://www.redfin.com/TX/Dallas/2731-Marburg-St-75215/home/30807950
3926 Sidney St,Dallas,75210,129000,,,,,7057,Vacant Land,,79,48113020800,Dallas,14.44,23.88,32.7649373,-96.7407081,https://www.redfin.com/TX/Dallas/3926-Sidney-St-75210/home/30845726
2419 Harding St,Dallas,75215,149000,2,1.0,736,1925,6229,Single Family Residential,,83,48113020800,Dallas,15.13,24.21,32.7502301,-96.7554938,https://www.redfin.com/TX/Dallas/2419-Harding-St-75215/home/30816847
2861 Farragut St,Dallas,75215,32000,,,,,4051,Vacant Land,,86,48113020800,Dallas,15.01,24.25,32.7540305,-96.7477045,https://www.redfin.com/TX/Dallas/2861-Farragut-St-75215/home/30845964
2707 Carpenter Ave,Dallas,75215,245000,3,2.0,1881,2021,5227,Single Family Residential,,97,48113020800,Dallas,14.65,23.77,32.7571513,-96.7567637,https://www.redfin.com/TX/Dallas/2707-Carpenter-Ave-75215/home/30803366
2525 Saint Clair Dr,Dallas,75215,110000,,,,,7057,Vacant Land,,98,48113020800,Dallas,15.68,24.72,32.742338,-96.7536208,https://www.redfin.com/TX/Dallas/2525-Saint-Clair-Dr-75215/home/30817502
3610 Bertrand Ave,Dallas,75210,190000,3,1.0,1406,1942,6490,Single Family Residential,,101,48113020800,Dallas,14.34,23.69,32.7647536,-96.7464132,https://www.redfin.com/TX/Dallas/3610-Bertrand-Ave-75210/home/30811318
3323 Reed Ln,Dallas,75215,400000,4,2.0,1890,2026,7492,Single Family Residential,,104,48113020800,Dallas,14.28,23.57,32.7644177,-96.7506329,https://www.redfin.com/TX/Dallas/3323-Reed-Ln-75215/home/30804406
2837 Elsie Faye Heggins St,Dallas,75215,245900,3,2.0,1150,1950,6186,Single Family Residential,,104,48113020800,Dallas,14.73,23.93,32.7571501,-96.7520659,https://www.redfin.com/TX/Dallas/2837-Elsie-Faye-Heggins-St-75215/home/30803619
4811 Huey St,Dallas,75210,265000,0,2.0,1396,2022,4443,Single Family Residential,,120,48113020800,Dallas,14.56,23.94,32.7621321,-96.7435567,https://www.redfin.com/TX/Dallas/4811-Huey-St-75210/home/30845611
2432 Saint Clair Dr,Dallas,75215,380000,3,3.5,1750,2024,2526,Single Family Residential,,148,48113020800,Dallas,15.76,24.77,32.740926,-96.7545771,https://www.redfin.com/TX/Dallas/2432-Saint-Clair-Dr-75215/home/30817471
3815 Cauthorn,Dallas,75210,135000,3,2.0,1604,1948,7100,Single Family Residential,,150,48113020800,Dallas,14.59,24.01,32.7627932,-96.7403427,https://www.redfin.com/TX/Dallas/3815-Cauthorn-Dr-75210/home/30846418
3626 Carpenter Ave,Dallas,75210,300000,2,1.0,784,1951,9670,Single Family Residential,,162,48113020800,Dallas,14.25,23.62,32.7658994,-96.7467466,https://www.redfin.com/TX/Dallas/3626-Carpenter-Ave-75210/home/30811330
2331 Bethurum Ave,Dallas,75215,309000,3,2.5,1700,2025,5009,Single Family Residential,,162,48113020800,Dallas,15.52,24.54,32.7442774,-96.7556525,https://www.redfin.com/TX/Dallas/2331-Bethurum-Ave-75215/home/30817326
4211 Malcolm X Blvd,Dallas,75215,65000,,,,,,Vacant Land,,162,48113020800,Dallas,14.52,23.66,32.758986,-96.756901,https://www.redfin.com/TX/Dallas/4211-Malcolm-BLVD-Unknown/home/188744251
2633 Macon St,Dallas,75215,234800,3,2.5,1701,2023,4356,Single Family Residential,,164,48113020800,Dallas,15.16,24.31,32.7508625,-96.7510938,https://www.redfin.com/TX/Dallas/2633-Macon-St-75215/home/30816563
2406 Bethurum Ave,Dallas,75215,145000,3,1.0,1164,1916,5140,Single Family Residential,,169,48113020800,Dallas,15.52,24.56,32.7444945,-96.7548529,https://www.redfin.com/TX/Dallas/2406-Bethurum-Ave-75215/home/30817387
3830 York St,Dallas,75210,190000,3,1.5,1006,1947,5619,Single Family Residential,,180,48113020800,Dallas,14.32,23.74,32.765957,-96.7432537,https://www.redfin.com/TX/Dallas/3830-York-St-75210/home/30845656
2239 Anderson St,Dallas,75215,240000,3,2.5,1630,2021,2526,Single Family Residential,,195,48113020800,Dallas,15.44,24.45,32.7452503,-96.7566823,https://www.redfin.com/TX/Dallas/2239-Anderson-St-75215/home/30816790
2850 Frost Ave,Dallas,75215,40000,,,,,3572,Vacant Land,,195,48113020800,Dallas,15.08,24.32,32.7531173,-96.7472013,https://www.redfin.com/TX/Dallas/2850-Frost-Ave-75215/home/30845773
3115 Bertrand Ave,Dallas,75215,239900,3,2.0,1306,1953,11064,Single Family Residential,,198,48113020800,Dallas,14.5,23.75,32.7609594,-96.7510213,https://www.redfin.com/TX/Dallas/3115-Bertrand-Ave-75215/home/30804175
3601 Hancock St,Dallas,75210,65000,,,,,6534,Vacant Land,,224,48113020800,Dallas,14.57,23.95,32.7620649,-96.7433321,https://www.redfin.com/TX/Dallas/3601-Hancock-St-75210/home/30845616
2603 Ghent St,Dallas,75215,569785,4,3.5,3135,2025,4835,Single Family Residential,,247,48113020800,Dallas,15.26,24.42,32.7494459,-96.7504903,https://www.redfin.com/TX/Dallas/2603-Ghent-St-75215/home/30816658
4623 Spring Garden Rd,Dallas,75215,160000,3,1.0,1072,1928,6100,Single Family Residential,,253,48113020800,Dallas,14.55,23.85,32.7611485,-96.7477072,https://www.redfin.com/TX/Dallas/4623-Spring-Garden-St-75215/home/30804239
2350 Scott St,Dallas,75215,283500,3,2.5,1641,2025,5053,Single Family Residential,,258,48113020800,Dallas,15.68,24.68,32.7417139,-96.7558939,https://www.redfin.com/TX/Dallas/2350-Scott-St-75215/home/197168844
2346 Scott St,Dallas,75215,283500,3,2.5,1641,2025,5053,Single Family Residential,,258,48113020800,Dallas,15.66,24.67,32.7421908,-96.7553409,https://www.redfin.com/TX/Dallas/2346-Scott-St-75215/home/30817402
4026 Myrtle St,Dallas,75215,200000,3,2.0,1212,1923,7405,Single Family Residential,,266,48113020800,Dallas,14.48,23.6,32.7592879,-96.7583457,https://www.redfin.com/TX/Dallas/4026-Myrtle-St-75215/home/30803427
4317 Malcolm X Blvd,Dallas,75215,110000,,,,,10237,Vacant Land,,934,48113020800,Dallas,14.59,23.74,32.758243,-96.755874,https://www.redfin.com/TX/Dallas/4317-S-Malcolm-X-Blvd-75215/home/56582626
1527 Padgitt Ave,Dallas,75203,219000,3,1.0,1000,1925,7536,Single Family Residential,,2,48113021000,Dallas,15.22,23.43,32.7412883,-96.7989791,https://www.redfin.com/TX/Dallas/1527-Padgitt-Ave-75203/home/30837317
1102 Church St,Dallas,75203,299900,3,2.0,1261,1925,5358,Single Family Residential,,5,48113021000,Dallas,14.55,22.62,32.7502674,-96.8083042,https://www.redfin.com/TX/Dallas/1102-Church-St-75203/home/30825994
404 Pecan Dr,Dallas,75203,499900,4,3.5,2600,2026,3920,Single Family Residential,,7,48113021000,Dallas,14.5,22.74,32.7515039,-96.8015162,https://www.redfin.com/TX/Dallas/404-Pecan-Dr-75203/home/31042983
1423 Hendricks Ave,Dallas,75216,145000,,,,,7187,Vacant Land,,8,48113021000,Dallas,15.4,23.53,32.7384283,-96.8014624,https://www.redfin.com/TX/Dallas/1423-Hendricks-Ave-75216/home/30833063
1547 S Denley Dr,Dallas,75216,84900,,,,,7710,Vacant Land,,9,48113021000,Dallas,16.1,24.07,32.7279439,-96.8057322,https://www.redfin.com/TX/Dallas/1547-S-Denley-Dr-75216/home/147934332
1415 Fayette St,Dallas,75203,649999,4,4.0,3000,2026,4748,Single Family Residential,,13,48113021000,Dallas,15.13,23.29,32.7422915,-96.8017229,https://www.redfin.com/TX/Dallas/1415-Fayette-St-75203/home/30849476
1228 Valley St,Dallas,75203,194900,2,1.0,1173,1930,3659,Single Family Residential,,14,48113021000,Dallas,15.03,23.11,32.7434542,-96.8057308,https://www.redfin.com/TX/Dallas/1228-Valley-St-75203/home/30829488
1431 Carson St,Dallas,75216,299000,3,2.0,1345,1949,7013,Single Family Residential,,14,48113021000,Dallas,15.93,23.89,32.7302603,-96.8069319,https://www.redfin.com/TX/Dallas/1431-Carson-St-75216/home/30835226
1320 Compton St,Dallas,75203,519900,4,2.5,2312,2023,4138,Single Family Residential,,16,48113021000,Dallas,15.07,23.17,32.7429402,-96.8047053,https://www.redfin.com/TX/Dallas/1320-Compton-St-75203/home/30829504
1627 Stella Ave,Dallas,75216,24999,,,,,12632,Vacant Land,,17,48113021000,Dallas,16.06,24.17,32.728951,-96.7993989,https://www.redfin.com/TX/Dallas/1627-Stella-Ave-75216/home/31137238
1511 Morrell Ave,Dallas,75203,530000,4,3.0,2288,2026,7754,Single Family Residential,,17,48113021000,Dallas,15.35,23.53,32.7393388,-96.7996217,https://www.redfin.com/TX/Dallas/1511-Morrell-Ave-75203/home/30837186
810 E 12th St,Dallas,75203,1400000,,,,1925,7144,Vacant Land,,18,48113021000,Dallas,14.97,22.91,32.7439052,-96.8122517,https://www.redfin.com/TX/Dallas/810-E-12th-St-75203/home/30826131
423 N Moore St,Dallas,75203,369000,3,2.5,2102,2026,2531,Single Family Residential,,20,48113021000,Dallas,14.33,22.53,32.753716,-96.8039992,https://www.redfin.com/TX/Dallas/423-N-Moore-St-75203/home/31043090
806 E 12th St,Dallas,75203,1400000,,,,1945,6142,Vacant Land,,20,48113021000,Dallas,14.96,22.9,32.7439482,-96.8124015,https://www.redfin.com/TX/Dallas/806-E-12th-St-75203/home/30826134
814 E 12th St,Dallas,75203,1400000,,,,,6142,Vacant Land,,20,48113021000,Dallas,14.96,22.91,32.7439824,-96.8121918,https://www.redfin.com/TX/Dallas/814-E-12th-St-75203/home/30826130
1239 Whitaker Ave,Dallas,75216,315000,4,2.0,1498,1940,6403,Single Family Residential,,21,48113021000,Dallas,15.65,23.61,32.7341991,-96.8084256,https://www.redfin.com/TX/Dallas/1239-Whitaker-Ave-75216/home/30834852
1023 Church St,Dallas,75203,329999,3,2.0,1903,2025,5358,Single Family Residential,,28,48113021000,Dallas,14.52,22.59,32.7506247,-96.8087723,https://www.redfin.com/TX/Dallas/1023-Church-St-75203/home/30825988
420 Sparks St,Dallas,75203,375000,3,2.5,1829,2025,2483,Single Family Residential,,28,48113021000,Dallas,14.35,22.54,32.7533812,-96.8044481,https://www.redfin.com/TX/Dallas/420-Sparks-St-75203/home/31042906
1023 Betterton Cir,Dallas,75203,65000,,,,1925,5009,Vacant Land,,30,48113021000,Dallas,14.69,22.74,32.7480913,-96.8087738,https://www.redfin.com/TX/Dallas/1023-Betterton-Cir-75203/home/30826445
823 Millard St,Dallas,75203,35000,,,,,1525,Vacant Land,,31,48113021000,Dallas,14.01,22.16,32.7581288,-96.8077941,https://www.redfin.com/TX/Dallas/823-Millard-St-75203/home/30825050
TBD N Cliff St,Dallas,75203,259000,3,2.0,1261,1925,5358,Single Family Residential,,35,48113021000,Dallas,14.55,22.63,32.750202,-96.808262,https://www.redfin.com/TX/Dallas/TBD-N-Cliff-St-75203/home/201017442
108 N Cliff St,Dallas,75203,259000,3,2.0,1261,1925,5358,Single Family Residential,,35,48113021000,Dallas,14.65,22.75,32.7489207,-96.8067531,https://www.redfin.com/TX/Dallas/108-N-Cliff-St-75203/home/30826537
459 Hart St,Dallas,75203,524999,4,3.0,2350,2026,4225,Single Family Residential,,36,48113021000,Dallas,14.38,22.61,32.7532002,-96.8024323,https://www.redfin.com/TX/Dallas/459-Hart-St-75203/home/31043200
1503 Morrell Ave,Dallas,75203,455000,4,3.5,2583,2022,7492,Single Family Residential,,37,48113021000,Dallas,15.34,23.52,32.7393832,-96.7999592,https://www.redfin.com/TX/Dallas/1503-Morrell-Ave-75203/home/30837188
818 Winters St,Dallas,75216,200000,3,1.5,1330,1927,5515,Single Family Residential,,38,48113021000,Dallas,15.73,23.63,32.7329685,-96.810661,https://www.redfin.com/TX/Dallas/818-Winters-St-75216/home/30834684
1128 Dodd St,Dallas,75203,29900,,,,,2962,Vacant Land,,42,48113021000,Dallas,14.13,22.28,32.756441,-96.807084,https://www.redfin.com/TX/Dallas/1128-Dodd-St-75203/home/30825598
1402 Hutchins Ave,Dallas,75203,585000,4,3.5,2267,2026,2222,Single Family Residential,,50,48113021000,Dallas,14.44,22.62,32.7520839,-96.8044675,https://www.redfin.com/TX/Dallas/1402-Hutchins-Ave-75203/home/30829283
421 Sparks St,Dallas,75203,200000,,,,,4704,Vacant Land,,52,48113021000,Dallas,14.35,22.53,32.7533389,-96.8047689,https://www.redfin.com/TX/Dallas/421-Sparks-St-75203/home/31042942
1307 Valley St,Dallas,75203,529995,3,2.5,2340,2024,4966,Single Family Residential,,52,48113021000,Dallas,15.01,23.11,32.7437895,-96.80497,https://www.redfin.com/TX/Dallas/1307-Valley-St-75203/home/30829542
1227 Fernwood Ave,Dallas,75216,290000,3,2.0,1400,1940,6970,Single Family Residential,,52,48113021000,Dallas,15.62,23.56,32.7346382,-96.8093631,https://www.redfin.com/TX/Dallas/1227-Fernwood-Ave-75216/home/30834758
1203 Forester Dr,Dallas,75216,370000,3,2.0,1500,2025,8494,Single Family Residential,,54,48113021000,Dallas,15.62,23.62,32.734798,-96.806651,https://www.redfin.com/TX/Dallas/1203-Forester-Dr-75216/home/30834807
1735 E Waco Ave,Dallas,75216,79900,,,,1925,5619,Vacant Land,,64,48113021000,Dallas,15.37,23.56,32.7389968,-96.7993081,https://www.redfin.com/TX/Dallas/1735-E-Waco-Ave-75216/home/30833048
923 Stella Ave,Dallas,75216,250000,,,,,56105,Vacant Land,,64,48113021000,Dallas,16.06,23.96,32.728198,-96.809417,https://www.redfin.com/TX/Dallas/923-Stella-Ave-75216/home/30832888
336 Leads St,Dallas,75203,109900,,,,,6011,Vacant Land,,65,48113021000,Dallas,14.88,22.92,32.7454842,-96.8082085,https://www.redfin.com/TX/Dallas/336-Leads-St-75203/home/30826169
1210 Bliss St,Dallas,75203,38000,,,,,11761,Vacant Land,,65,48113021000,Dallas,14.98,23.07,32.7441249,-96.805892,https://www.redfin.com/TX/Dallas/1210-Bliss-St-75203/home/30829529
1239 Cedar Haven Ave,Dallas,75216,248000,3,2.0,1184,1941,7797,Single Family Residential,,71,48113021000,Dallas,15.66,23.64,32.7341377,-96.8075371,https://www.redfin.com/TX/Dallas/1239-Cedar-Haven-Ave-75216/home/30834798
1602 Glen Ave,Dallas,75216,269900,3,2.0,1800,1950,20038,Single Family Residential,,75,48113021000,Dallas,16.0,24.09,32.7297242,-96.8006789,https://www.redfin.com/TX/Dallas/1602-Glen-Ave-75216/home/30888788
1210 Morrell Ave,Dallas,75203,389000,4,2.0,1801,2023,6752,Single Family Residential,,84,48113021000,Dallas,15.34,23.37,32.738903,-96.8064462,https://www.redfin.com/TX/Dallas/1210-Morrell-Ave-75203/home/30829170
1145 Betterton Cir,Dallas,75203,145000,,,,,12589,Vacant Land,,90,48113021000,Dallas,14.75,22.84,32.7474189,-96.8068148,https://www.redfin.com/TX/Dallas/1145-Betterton-Cir-75203/home/30826463
227 S Cliff St,Dallas,75203,145000,,,,,7754,Vacant Land,,90,48113021000,Dallas,14.83,22.9,32.746204,-96.807439,https://www.redfin.com/TX/Dallas/227-S-Cliff-St-75203/home/30826161
1334 Grant St,Dallas,75203,300000,3,2.0,1671,1920,10367,Single Family Residential,,98,48113021000,Dallas,15.19,23.29,32.7412499,-96.8041177,https://www.redfin.com/TX/Dallas/1334-Grant-St-75203/home/30833108
1510 Carson St,Dallas,75216,166500,3,2.0,1200,1948,7492,Single Family Residential,,105,48113021000,Dallas,16.01,23.98,32.7291341,-96.8063743,https://www.redfin.com/TX/Dallas/1510-Carson-St-75216/home/30832823
1410 Doyle Ave,Dallas,75203,235000,3,1.0,1256,1948,4487,Single Family Residential,,106,48113021000,Dallas,15.1,23.26,32.7426975,-96.8018833,https://www.redfin.com/TX/Dallas/1410-Doyle-Ave-75203/home/30849481
1404 Strickland St,Dallas,75216,379500,4,2.0,1991,2025,6926,Single Family Residential,,108,48113021000,Dallas,15.48,23.59,32.7371053,-96.802285,https://www.redfin.com/TX/Dallas/1404-Strickland-St-75216/home/30833333
407 Bobbie St,Dallas,75203,519000,4,3.5,2580,2025,3920,Single Family Residential,,109,48113021000,Dallas,14.5,22.75,32.7515145,-96.80087,https://www.redfin.com/TX/Dallas/407-Bobbie-St-75203/home/31042997
1202 Morrell Ave,Dallas,75203,359580,4,2.5,1473,1945,7100,Single Family Residential,,120,48113021000,Dallas,15.33,23.36,32.7389472,-96.8067909,https://www.redfin.com/TX/Dallas/1202-Morrell-Ave-75203/home/30829168
1438 E Waco Ave,Dallas,75216,299000,3,2.0,1800,2023,7100,Single Family Residential,,127,48113021000,Dallas,15.58,23.7,32.735759,-96.8014656,https://www.redfin.com/TX/Dallas/1438-E-Waco-Ave-75216/home/30833284
503 Tama St,Dallas,75203,90000,,,,,11520,Vacant Land,,132,48113021000,Dallas,14.98,23.1,32.744276,-96.804163,https://www.redfin.com/TX/Dallas/503-Tama-St-75203/home/30829547
1207 Morrell Ave,Dallas,75203,269999,3,2.0,1258,2015,6839,Single Family Residential,,149,48113021000,Dallas,15.31,23.34,32.7393516,-96.8066239,https://www.redfin.com/TX/Dallas/1207-Morrell-Ave-75203/home/30828841
1409 Doyle Ave,Dallas,75203,575000,3,3.5,2354,2024,4443,Single Family Residential,,158,48113021000,Dallas,15.08,23.24,32.7430484,-96.8017693,https://www.redfin.com/TX/Dallas/1409-Doyle-Ave-75203/home/30849456
1318 S Ewing Ave,Dallas,75216,260000,3,1.0,1286,1947,7187,Single Family Residential,,168,48113021000,Dallas,15.76,23.65,32.7324627,-96.8111932,https://www.redfin.com/TX/Dallas/1318-S-Ewing-Ave-75216/home/30834675
218 Cliff,Dallas,75203,59900,,,,,8189,Vacant Land,,169,48113021000,Dallas,14.55,22.66,32.7503629,-96.806707,https://www.redfin.com/TX/Dallas/218-N-Cliff-St-75203/home/30825951
1104 E 9th St,Dallas,75203,99000,,,,,8756,Vacant Land,,170,48113021000,Dallas,14.61,22.68,32.7493945,-96.808164,https://www.redfin.com/TX/Dallas/1104-E-9th-St-75203/home/183940681
2000 Canyon St,Dallas,75203,113000,,,,,4356,Vacant Land,,184,48113021000,Dallas,14.57,22.82,32.7506701,-96.800126,https://www.redfin.com/TX/Dallas/2000-Canyon-St-75203/home/30935847
819 Viola St,Dallas,75203,263188,,,,,3485,Vacant Land,,246,48113021000,Dallas,15.0,22.95,32.743438,-96.812021,https://www.redfin.com/TX/Dallas/819-Viola-St-75203/home/30826142
815 Viola St,Dallas,75203,501000,0,,672,1945,6665,Single Family Residential,,246,48113021000,Dallas,15.0,22.94,32.7434393,-96.8121064,https://www.redfin.com/TX/Dallas/815-Viola-St-75203/home/30826143
1304 Bliss St,Dallas,75203,70000,,,,,4008,Vacant Land,,287,48113021000,Dallas,14.98,23.08,32.7442684,-96.8050546,https://www.redfin.com/TX/Dallas/1304-Bliss-St-75203/home/30829524
1302 Bliss St,Dallas,75203,70000,,,,,4008,Vacant Land,,289,48113021000,Dallas,14.98,23.08,32.7442651,-96.8051884,https://www.redfin.com/TX/Dallas/1302-Bliss-St-75203/home/30829525
1410 Church St,Dallas,75203,150000,,,,,4835,Vacant Land,,318,48113021000,Dallas,14.58,22.76,32.7502038,-96.8036204,https://www.redfin.com/TX/Dallas/1410-Church-St-75203/home/30838071
1302 Claude St,Dallas,75203,150000,,,,,7449,Vacant Land,,337,48113021000,Dallas,15.26,23.33,32.740095,-96.8053203,https://www.redfin.com/TX/Dallas/1302-Claude-St-75203/home/30833141
223 S Cliff St,Dallas,75203,160000,6,2.0,2208,1925,8494,Single Family Residential,,450,48113021000,Dallas,14.82,22.89,32.7463529,-96.8073608,https://www.redfin.com/TX/Dallas/223-S-Cliff-St-75203/home/30826160
1027 Church St,Dallas,75203,150000,,,,,,Vacant Land,,1142,48113021000,Dallas,14.52,22.59,32.7506353,-96.808569,https://www.redfin.com/TX/Dallas/1027-Church-St-75203/home/30825986
419 Avenue L,Dallas,75203,450000,3,2.5,1764,2019,2788,Single Family Residential,,176,48113021100,Dallas,15.07,23.51,32.7447175,-96.7887522,https://www.redfin.com/TX/Dallas/419-Avenue-L-75203/home/30853735
4331 Bateman Ave,Dallas,75216,159000,4,2.0,1030,1950,3964,Single Family Residential,,15,48113021100,Dallas,16.88,25.71,32.7235105,-96.7568522,https://www.redfin.com/TX/Dallas/4331-Bateman-Ave-75216/home/32484751
2401 Berwick Ave,Dallas,75203,1500000,16,16.0,3960,1951,27312,Multi-Family (5+ Unit),,37,48113021100,Dallas,15.81,23.94,32.7325564,-96.7996632,https://www.redfin.com/TX/Dallas/2401-Berwick-Ave-75203/home/30889445
522 Avenue G,Dallas,75203,325000,3,2.0,1188,1945,6447,Single Family Residential,,52,48113021100,Dallas,15.18,23.55,32.7425757,-96.7918711,https://www.redfin.com/TX/Dallas/522-Avenue-G-75203/home/30889160
2207 Rockefeller,Dallas,75203,130000,,,,,6916,Vacant Land,,55,48113021100,Dallas,14.83,23.18,32.747436,-96.7943524,https://www.redfin.com/TX/Dallas/2207-Rockefeller-Blvd-75203/home/30848306
1902 Norfolk Ave,Dallas,75203,369999,3,2.0,2108,1938,7362,Single Family Residential,,102,48113021100,Dallas,15.87,24.06,32.7321091,-96.7964262,https://www.redfin.com/TX/Dallas/1902-Norfolk-Ave-75203/home/30849223
518 Crete St,Dallas,75203,524900,4,3.5,2631,2023,5097,Single Family Residential,,104,48113021100,Dallas,15.05,23.32,32.743895,-96.7969648,https://www.redfin.com/TX/Dallas/518-Crete-St-75203/home/30890030
2250/2254 Areba St Unit A&B (both addresses),Dallas,75203,679000,8,5.5,2798,1943,16553,Multi-Family (2-4 Unit),,133,48113021100,Dallas,15.58,23.9,32.736803,-96.7917502,https://www.redfin.com/TX/Dallas/2250-Areba-St-75203/unit-A-B-both-addresses/home/199717611
3131 Cedar Crest Blvd,Dallas,75203,149990,,,,,5924,Vacant Land,,233,48113021100,Dallas,15.11,23.57,32.744195,-96.787756,https://www.redfin.com/TX/Dallas/3131-Cedar-Crest-Blvd-75203/home/35580770
3117 Cedar Crest Blvd,Dallas,75203,83990,,,,,2666,Vacant Land,,297,48113021100,Dallas,15.13,23.58,32.743988,-96.787756,https://www.redfin.com/TX/Dallas/3117-Cedar-Crest-Blvd-75203/home/196277696
2017 Shawnee St,Denton,76209,300000,4,2.0,1236,1956,10498,Single Family Residential,,1,48121020601,Denton,24.92,15.08,33.2332872,-97.110883,https://www.redfin.com/TX/Denton/2017-Shawnee-St-76209/home/32915335
2008 Redwood Pl,Denton,76209,280000,3,2.0,1270,1940,4199,Single Family Residential,,35,48121020601,Denton,24.93,15.08,33.2329846,-97.1115947,https://www.redfin.com/TX/Denton/2008-Redwood-Pl-76209/home/33144450
510 Texas St #14,Denton,76209,2000000,22,14.0,6960,1965,15812,Multi-Family (5+ Unit),,84,48121020601,Denton,24.95,14.85,33.2219741,-97.1266939,https://www.redfin.com/TX/Denton/510-Texas-St-76209/unit-14/home/200375612
1111 N Austin St,Denton,76201,315000,2,2.0,1616,1967,4008,Single Family Residential,,91,48121020601,Denton,25.23,15.11,33.223895,-97.13133,https://www.redfin.com/TX/Denton/1111-N-Austin-St-76201/home/32933739
1309 N Austin St,Denton,76201,335000,3,2.0,1486,1959,13504,Single Family Residential,,125,48121020601,Denton,25.34,15.23,33.2259452,-97.1314019,https://www.redfin.com/TX/Denton/1309-N-Austin-St-76201/home/33071506
1300 Kendolph Dr,Denton,76205,459000,4,3.0,2267,2013,15638,Single Family Residential,,20,48121020900,Denton,25.05,14.6,33.2017896,-97.1523375,https://www.redfin.com/TX/Denton/1300-Kendolph-Dr-76205/home/32918702
1940 Whippoorwill Ln,Denton,76205,350000,3,1.0,1328,1970,16509,Single Family Residential,,21,48121020900,Denton,25.06,14.59,33.2000774,-97.1543912,https://www.redfin.com/TX/Denton/1940-Whippoorwill-Ln-76205/home/32937163
1925 Highland Park Cir,Denton,76205,330000,3,2.0,1641,1984,6991,Single Family Residential,,38,48121020900,Denton,25.06,14.59,33.2003435,-97.1540873,https://www.redfin.com/TX/Denton/1925-Highland-Park-Cir-76205/home/33016573
2012 Tremont Cir,Denton,76205,474900,3,2.0,2145,2001,6360,Single Family Residential,45,40,48121020900,Denton,25.08,14.6,33.199072,-97.1559982,https://www.redfin.com/TX/Denton/2012-Tremont-Cir-76205/home/32887035
2404 Louise St Unit 2404 & 2420,Denton,76201,4300000,47,24.0,9720,1967,31363,Multi-Family (5+ Unit),,59,48121020900,Denton,25.78,15.37,33.2120916,-97.1582129,https://www.redfin.com/TX/Denton/2404-Louise-St-76201/unit-2404-2420/home/200728581
218 N Texas Blvd,Denton,76201,208000,3,2.0,1139,1985,75359,Condo/Co-op,302,68,48121020900,Denton,25.71,15.32,33.212936,-97.155759,https://www.redfin.com/TX/Denton/218-North-Texas-Blvd-76201/home/32545187
218 N Texas Blvd #113,Denton,76201,155500,2,2.0,955,1985,75359,Condo/Co-op,271,74,48121020900,Denton,25.71,15.32,33.2129171,-97.155746,https://www.redfin.com/TX/Denton/218-N-Texas-Blvd-76201/unit-113/home/173714555
218 N Texas Blvd #105,Denton,76201,172900,2,2.0,955,1985,75359,Condo/Co-op,271,260,48121020900,Denton,25.71,15.32,33.2129171,-97.155746,https://www.redfin.com/TX/Denton/218-N-Texas-Blvd-76201/unit-105/home/183864101
218 N Texas Blvd #103,Denton,76201,172900,2,2.0,955,1985,75359,Condo/Co-op,271,260,48121020900,Denton,25.72,15.33,33.2130079,-97.1558052,https://www.redfin.com/TX/Denton/218-N-Texas-Blvd-76201/unit-103/home/192051810
3200-3202 Long Rope Ln,Denton,76205,739900,8,5.0,4046,2025,7405,Multi-Family (2-4 Unit),50,168,48121021203,Denton,23.19,13.26,33.209303,-97.098091,https://www.redfin.com/TX/Denton/3200-3202-Long-Rope-LN-76205/home/199064298
504-506 Mockingbird Ln,Denton,76205,739900,8,5.0,4046,2025,6970,Multi-Family (2-4 Unit),50,189,48121021203,Denton,23.09,13.17,33.2081381,-97.0971247,https://www.redfin.com/TX/Denton/504-S-Mockingbird-Ln-76205/home/182425822
504-506 Trailhead Ln,Denton,76205,739900,8,5.0,4046,2025,8276,Multi-Family (2-4 Unit),50,189,48121021203,Denton,23.2,13.25,33.208283,-97.099926,https://www.redfin.com/TX/Denton/504-Trailhead-Ln-76205/home/182425807
3204-3206 Long Rope Ln,Denton,76205,739900,8,5.0,4046,2025,7405,Multi-Family (2-4 Unit),50,189,48121021203,Denton,23.19,13.26,33.209303,-97.098091,https://www.redfin.com/TX/Denton/3204-3206-Long-Rope-LN-76205/home/198773946
509-511 Mockingbird Ln,Denton,76205,699900,6,5.0,3336,2025,7405,Multi-Family (2-4 Unit),50,189,48121021203,Denton,23.06,13.14,33.2079047,-97.0967324,https://www.redfin.com/TX/Denton/509-S-Mockingbird-Ln-76205/home/182425793
400-402 Trailhead Ln,Denton,76205,699900,6,5.0,3336,2024,8276,Multi-Family (2-4 Unit),50,349,48121021203,Denton,23.26,13.32,33.2093612,-97.0999154,https://www.redfin.com/TX/Denton/400-Trailhead-Ln-76205/home/182425802
3121-3123 Long Rope Ln,Denton,76205,739900,8,5.0,4046,2024,7187,Multi-Family (2-4 Unit),50,355,48121021203,Denton,23.13,13.2,33.2079817,-97.0984939,https://www.redfin.com/TX/Denton/3121-Long-Rope-Ln-76205/unit-3123/home/182425819
1201 Loop 288,Denton,76205,1300000,,,,,216493,Vacant Land,,93,48121021204,Denton,22.33,12.39,33.1983021,-97.0906666,https://www.redfin.com/TX/Denton/1201-S-Loop-288-76205/home/198689976
1006 Manning St,Grand Prairie,75051,470000,5,3.0,2863,2017,8407,Single Family Residential,,76,48439113007,Tarrant,19.97,21.67,32.7288905,-97.0366651,https://www.redfin.com/TX/Grand-Prairie/1006-Manning-St-75051/home/31882431
1701 Justin Lyn St,Arlington,76012,300000,4,2.0,1546,1981,7492,Multi-Family (2-4 Unit),,7,48439121614,Tarrant,23.37,22.48,32.7377038,-97.1333534,https://www.redfin.com/TX/Arlington/1701-Justin-Lyn-St-76012/home/31522592
1801 Georgia St,Arlington,76012,280000,4,2.0,1800,1980,8146,Multi-Family (2-4 Unit),,27,48439121614,Tarrant,23.23,22.24,32.7420337,-97.13481,https://www.redfin.com/TX/Arlington/1801-Georgia-St-76012/home/31521058
1723 Crest Grove Dr Unit 120B,Arlington,76012,98000,1,1.0,641,1983,2004,Condo/Co-op,215,37,48439121614,Tarrant,23.34,22.44,32.738356,-97.133494,https://www.redfin.com/TX/Arlington/1723-Crest-Grove-Dr-76012/unit-120B/home/32360607
518 Jordan Ln,Arlington,76012,319000,,2.0,1760,1983,6186,Multi-Family (2-4 Unit),,57,48439121614,Tarrant,23.53,22.46,32.7401008,-97.1394922,https://www.redfin.com/TX/Arlington/518-Jordan-Ln-76012/home/31712250
627 Mcqueary St,Arlington,76012,350000,4,2.0,1800,1980,7884,Multi-Family (2-4 Unit),,108,48439121614,Tarrant,23.28,22.28,32.7415794,-97.1353414,https://www.redfin.com/TX/Arlington/627-McQueary-St-76012/home/31521039
1010 Loblolly Pine Dr,Arlington,76012,369000,3,2.0,1754,2005,6360,Single Family Residential,33,5,48439121703,Tarrant,21.9,21.0,32.755985,-97.1188794,https://www.redfin.com/TX/Arlington/1010-Loblolly-Pine-Dr-76012/home/31057161
1020 Redbud Ct,Arlington,76012,424900,3,2.0,1957,1963,9975,Single Family Residential,,41,48439121703,Tarrant,22.23,21.35,32.751331,-97.1214981,https://www.redfin.com/TX/Arlington/1020-Redbud-Ct-76012/home/31854735
802 Nl Robinson Dr,Arlington,76011,289999,4,2.0,1285,1959,6882,Single Family Residential,,48,48439121703,Tarrant,22.05,21.54,32.7453375,-97.1112045,https://www.redfin.com/TX/Arlington/802-Nl-Robinson-Dr-76011/home/32133662
515 Gibbins Ct Unit 515-517,Arlington,76011,359900,4,4.0,1918,1981,6273,Multi-Family (2-4 Unit),,87,48439121703,Tarrant,21.61,20.86,32.7560409,-97.1122959,https://www.redfin.com/TX/Arlington/515-Gibbins-Ct-76011/unit-515-517/home/200311353
111 E Rogers St,Arlington,76011,919000,,,5120,1977,12720,Multi-Family (5+ Unit),,16,48439121704,Tarrant,21.77,21.38,32.7462553,-97.1056588,https://www.redfin.com/TX/Arlington/111-E-Rogers-St-76011/home/32116315
1110 Park St,Arlington,76011,525000,4,1.5,1750,1957,9060,Single Family Residential,,62,48439121704,Tarrant,21.19,20.85,32.7524355,-97.0987673,https://www.redfin.com/TX/Arlington/1110-Park-St-76011/home/31805512
1408 Pikeview Ter,Arlington,76011,275000,3,1.5,1196,1958,7187,Single Family Residential,,120,48439121704,Tarrant,21.48,20.8,32.7562401,-97.1096237,https://www.redfin.com/TX/Arlington/1408-Pikeview-Ter-76011/home/31905198
1959 E Arkansas Ln,Arlington,76010,250000,,,,,25178,Vacant Land,,324,48439121905,Tarrant,22.68,23.61,32.7063304,-97.0780139,https://www.redfin.com/TX/Arlington/1959-E-Arkansas-Ln-76010/home/113488527
3028 Casa Bella Dr,Arlington,76010,298000,3,2.0,1399,2007,4356,Single Family Residential,,14,48439121907,Tarrant,20.97,22.25,32.7227387,-97.0552755,https://www.redfin.com/TX/Arlington/3028-Casa-Bella-Dr-76010/home/31083339
620 Samuels Ln,Arlington,76010,214000,3,1.0,1320,1955,7928,Single Family Residential,,38,48439122002,Tarrant,21.61,22.19,32.7278117,-97.0794661,https://www.redfin.com/TX/Arlington/620-Samuels-Ln-76010/home/31955872
503 Harriett St,Arlington,76010,280000,3,1.5,1520,1959,10725,Single Family Residential,,76,48439122002,Tarrant,21.05,21.84,32.7310672,-97.0693575,https://www.redfin.com/TX/Arlington/503-Harriett-St-76010/home/31677533
2023 Menefee St,Arlington,76010,285000,3,2.0,1304,1956,7928,Single Family Residential,,234,48439122002,Tarrant,21.16,21.77,32.7331269,-97.0749211,https://www.redfin.com/TX/Arlington/2023-Menefee-St-76010/home/31550088
507 Taylor St,Arlington,76011,239900,3,1.0,1038,1950,4400,Single Family Residential,,8,48439122200,Tarrant,22.29,21.81,32.7416313,-97.1127042,https://www.redfin.com/TX/Arlington/507-Taylor-St-76011/home/32365077
406 Indiana St,Arlington,76011,699000,3,2.0,2566,2026,8146,Single Family Residential,,8,48439122200,Tarrant,22.29,21.86,32.7405577,-97.111506,https://www.redfin.com/TX/Arlington/406-Indiana-St-76011/home/32297656
617 Truman St,Arlington,76011,475000,3,2.0,1406,1958,6970,Single Family Residential,,14,48439122200,Tarrant,21.61,21.38,32.7446735,-97.1001318,https://www.redfin.com/TX/Arlington/617-Truman-St-76011/home/31800998
401 Magnolia St,Arlington,76012,302400,3,3.0,1612,1937,8451,Single Family Residential,,56,48439122200,Tarrant,22.65,22.03,32.7402054,-97.1194405,https://www.redfin.com/TX/Arlington/401-Magnolia-St-76012/home/31663049
515 Taylor St,Arlington,76011,230000,3,2.5,990,1933,4704,Single Family Residential,,62,48439122200,Tarrant,22.27,21.77,32.74219,-97.1127595,https://www.redfin.com/TX/Arlington/515-Taylor-St-76011/home/32242292
500 W Sanford St,Arlington,76011,695000,3,3.5,2298,2023,4704,Single Family Residential,,111,48439122200,Tarrant,22.25,21.74,32.7426394,-97.1127464,https://www.redfin.com/TX/Arlington/500-W-Sanford-St-76011/home/32242291
608 W Sanford St,Arlington,76011,119000,,,,,6360,Vacant Land,,443,48439122200,Tarrant,22.27,21.76,32.742654,-97.113334,https://www.redfin.com/TX/Arlington/608-W-Sanford-St-76011/home/31749833
818 E Rogers St,Arlington,76011,1900000,,,,,24045,Vacant Land,,539,48439122200,Tarrant,21.47,21.27,32.745725,-97.097828,https://www.redfin.com/TX/Arlington/818-E-Rogers-St-76011/home/113464865
706 E Rogers St,Arlington,76011,350000,3,1.0,768,1947,6882,Single Family Residential,,539,48439122200,Tarrant,21.49,21.28,32.7457761,-97.0983483,https://www.redfin.com/TX/Arlington/706-E-Rogers-St-76011/home/32132281
708 E Rogers St,Arlington,76011,350000,3,1.0,888,1947,6882,Single Family Residential,,539,48439122200,Tarrant,21.48,21.28,32.7457479,-97.0982067,https://www.redfin.com/TX/Arlington/708-E-Rogers-St-76011/home/32132280
130 S Cooper St,Arlington,76013,319000,2,2.5,1628,2023,1233,Townhouse,240,10,48439122300,Tarrant,22.63,22.19,32.736399,-97.1148415,https://www.redfin.com/TX/Arlington/130-S-Cooper-St-76013/home/176633457
130 Garden Ct W,Arlington,76013,375000,3,2.5,1558,2022,1481,Townhouse,200,36,48439122300,Tarrant,22.68,22.22,32.7362093,-97.1157557,https://www.redfin.com/TX/Arlington/130-Garden-Ct-W-76013/home/176633426
128 S Cooper St,Arlington,76013,319000,2,2.5,1606,2023,1045,Townhouse,240,49,48439122300,Tarrant,22.63,22.19,32.7364481,-97.1148405,https://www.redfin.com/TX/Arlington/128-S-Cooper-St-76013/home/176633456
129 Garden Ct E,Arlington,76013,399000,3,2.5,1558,2022,1830,Townhouse,288,51,48439122300,Tarrant,22.66,22.21,32.736309,-97.11545,https://www.redfin.com/TX/Arlington/129-Garden-Ct-E-76013/home/176633435
101 W Park Row Dr,Arlington,76010,285000,3,2.0,1922,1947,26180,Single Family Residential,,30,48439122401,Tarrant,22.88,22.97,32.7213541,-97.1031254,https://www.redfin.com/TX/Arlington/101-W-Park-Row-Dr-76010/home/31416568
709 Valley View Dr,Arlington,76010,308000,3,2.0,1814,1957,9453,Single Family Residential,,167,48439122401,Tarrant,22.5,22.6,32.726127,-97.099681,https://www.redfin.com/TX/Arlington/709-Valley-View-Dr-76010/home/31488154
520 W Inwood Dr,Arlington,76010,237999,4,1.0,1272,1956,7797,Single Family Residential,,6,48439122801,Tarrant,23.57,23.55,32.7151792,-97.1127012,https://www.redfin.com/TX/Arlington/520-W-Inwood-Dr-76010/home/31430575
518 W Lovers Ln,Arlington,76010,240000,3,1.5,1008,1960,7797,Single Family Residential,,17,48439122801,Tarrant,23.63,23.63,32.7138402,-97.1125128,https://www.redfin.com/TX/Arlington/518-W-Lovers-Ln-76010/home/31430958
504 Lynda Ln,Arlington,76010,265000,3,2.0,1225,1958,8886,Single Family Residential,,55,48439122801,Tarrant,23.44,23.46,32.7159751,-97.1106091,https://www.redfin.com/TX/Arlington/504-Lynda-Ln-76010/home/31637114
